"Timestamp"	"DateTimeStamp"	"DateTimeStampStartOffset"	"Number"	"GazePointXLeft"	"GazePointYLeft"	"CamXLeft"	"CamYLeft"	"DistanceLeft"	"PupilLeft"	"ValidityLeft"	"GazePointXRight"	"GazePointYRight"	"CamXRight"	"CamYRight"	"DistanceRight"	"PupilRight"	"ValidityRight"	"FixationIndex"	"GazePointX"	"GazePointY"	"Event"	"EventKey"	"Data1"	"Data2"	"Descriptor"	"StimuliName"	"StimuliID"	"MediaWidth"	"MediaHeight"	"MediaPosX"	"MediaPosY"	"MappedFixationPointX"	"MappedFixationPointY"	"FixationDuration"	"AoiIds"	"AoiNames"	"WebGroupImage"	"MappedGazeDataPointX"	"MappedGazeDataPointY"	"MicroSecondTimestamp"	"AbsoluteMicroSecondTimestamp"
48874	"15:38:45.999"	"00:00:48.874"	2450	498,59	148,25	0,72	0,48	613,1	3,23	0	495	145,87	0,46	0,49	611,39	2,99	0	81	497	147						"Augenblicke8.jpg"	0	1200	1024	40	0	449	158	997	0	"Content"		457	147	48874445	373674872
48894	"15:38:46.019"	"00:00:48.894"	2451	494,72	161,27	0,72	0,48	613,1	3,22	0	492,51	163,76	0,46	0,49	611,39	2,99	0	81	494	163						"Augenblicke8.jpg"	0	1200	1024	40	0	449	158	997	0	"Content"		454	163	48894398	373694825
48914	"15:38:46.039"	"00:00:48.914"	2452	502,07	161,41	0,72	0,48	613,1	3,21	0	490,21	158,25	0,46	0,49	611,39	2,96	0	81	496	160						"Augenblicke8.jpg"	0	1200	1024	40	0	449	158	997	0	"Content"		456	160	48914443	373714870
48934	"15:38:46.059"	"00:00:48.934"	2453	490,72	152,51	0,72	0,48	613,1	3,19	0	491,56	156,2	0,46	0,49	611,39	3	0	81	491	154						"Augenblicke8.jpg"	0	1200	1024	40	0	449	158	997	0	"Content"		451	154	48934354	373734781
48954	"15:38:46.079"	"00:00:48.954"	2454	488,41	160,84	0,72	0,48	612,57	3,17	0	490,84	151,97	0,46	0,49	612,15	2,99	0	81	490	156						"Augenblicke8.jpg"	0	1200	1024	40	0	449	158	997	0	"Content"		450	156	48954365	373754792
48974	"15:38:46.099"	"00:00:48.974"	2455	487,81	158,26	0,72	0,48	612,57	3,23	0	487,25	158,02	0,46	0,49	612,15	2,94	0	81	488	158						"Augenblicke8.jpg"	0	1200	1024	40	0	449	158	997	0	"Content"		448	158	48974165	373774592
48994	"15:38:46.119"	"00:00:48.994"	2456	493,4	144,31	0,72	0,48	612,57	3,15	0	488,91	154,31	0,46	0,49	612,15	2,95	0	81	491	149						"Augenblicke8.jpg"	0	1200	1024	40	0	449	158	997	0	"Content"		451	149	48994027	373794454
49014	"15:38:46.139"	"00:00:49.014"	2457	494,29	152,61	0,72	0,48	612,57	3,21	0	483,79	153,64	0,46	0,49	612,15	2,96	0	81	489	153						"Augenblicke8.jpg"	0	1200	1024	40	0	449	158	997	0	"Content"		449	153	49014052	373814479
49034	"15:38:46.159"	"00:00:49.033"	2458	485,43	152,62	0,72	0,48	612,57	3,19	0	488,24	151,62	0,46	0,49	612,15	3,01	0	81	487	152						"Augenblicke8.jpg"	0	1200	1024	40	0	449	158	997	0	"Content"		447	152	49033929	373834356
49054	"15:38:46.179"	"00:00:49.053"	2459	485,96	151,53	0,72	0,48	612,88	3,16	0	487,18	148,66	0,46	0,49	612,68	3,03	0	81	487	150						"Augenblicke8.jpg"	0	1200	1024	40	0	449	158	997	0	"Content"		447	150	49053872	373854299
49074	"15:38:46.199"	"00:00:49.073"	2460	497,97	147,08	0,72	0,48	612,88	3,16	0	482,35	145,37	0,46	0,49	612,68	2,91	0	81	490	146						"Augenblicke8.jpg"	0	1200	1024	40	0	449	158	997	0	"Content"		450	146	49073808	373874235
49094	"15:38:46.219"	"00:00:49.093"	2461	478,29	148,33	0,72	0,48	612,88	3,15	0	499,12	149,42	0,46	0,49	612,68	2,96	0	81	489	149						"Augenblicke8.jpg"	0	1200	1024	40	0	449	158	997	0	"Content"		449	149	49093758	373894185
49114	"15:38:46.239"	"00:00:49.113"	2462	478,59	158,04	0,72	0,48	612,88	3,16	0	494,06	154,31	0,46	0,49	612,68	2,92	0	81	486	156						"Augenblicke8.jpg"	0	1200	1024	40	0	449	158	997	0	"Content"		446	156	49113640	373914067
49134	"15:38:46.259"	"00:00:49.133"	2463	488,98	154,77	0,72	0,48	612,88	3,17	0	488,88	150,22	0,46	0,49	612,68	2,93	0	81	489	152						"Augenblicke8.jpg"	0	1200	1024	40	0	449	158	997	0	"Content"		449	152	49133674	373934101
49153	"15:38:46.278"	"00:00:49.153"	2464	485,47	157,74	0,72	0,48	613,08	3,17	0	493,95	154,45	0,46	0,49	612,08	2,94	0	81	490	156						"Augenblicke8.jpg"	0	1200	1024	40	0	449	158	997	0	"Content"		450	156	49153489	373953916
49174	"15:38:46.299"	"00:00:49.173"	2465	491,17	136,11	0,72	0,48	613,08	3,16	0	486,99	150,67	0,46	0,49	612,08	2,93	0	81	489	143						"Augenblicke8.jpg"	0	1200	1024	40	0	449	158	997	0	"Content"		449	143	49173534	373973961
49193	"15:38:46.318"	"00:00:49.193"	2466	497,67	140,81	0,72	0,48	613,08	3,18	0	496,65	146,19	0,45	0,49	612,08	2,93	0	81	497	143						"Augenblicke8.jpg"	0	1200	1024	40	0	449	158	997	0	"Content"		457	143	49193385	373993812
49213	"15:38:46.338"	"00:00:49.213"	2467	499,52	148,08	0,72	0,48	613,08	3,17	0	488,76	145,94	0,45	0,49	612,08	3	0	81	494	147						"Augenblicke8.jpg"	0	1200	1024	40	0	449	158	997	0	"Content"		454	147	49213349	374013776
49233	"15:38:46.358"	"00:00:49.233"	2468	487,4	157,6	0,72	0,48	613,08	3,19	0	493,94	145,94	0,45	0,49	612,08	2,94	0	81	491	152						"Augenblicke8.jpg"	0	1200	1024	40	0	449	158	997	0	"Content"		451	152	49233268	374033695
49253	"15:38:46.378"	"00:00:49.253"	2469	488,05	162,6	0,72	0,48	613,23	3,2	0	493,08	143,39	0,45	0,49	612,75	2,96	0	81	491	153						"Augenblicke8.jpg"	0	1200	1024	40	0	449	158	997	0	"Content"		451	153	49253215	374053642
49273	"15:38:46.398"	"00:00:49.273"	2470	491,12	160,12	0,72	0,48	613,23	3,17	0	486,33	165,63	0,45	0,49	612,75	2,98	0	81	489	163						"Augenblicke8.jpg"	0	1200	1024	40	0	449	158	997	0	"Content"		449	163	49273124	374073551
49293	"15:38:46.418"	"00:00:49.293"	2471	487,07	160,9	0,72	0,48	613,23	3,17	0	492,54	156,03	0,45	0,49	612,75	2,91	0	81	490	158						"Augenblicke8.jpg"	0	1200	1024	40	0	449	158	997	0	"Content"		450	158	49293095	374093522
49313	"15:38:46.438"	"00:00:49.313"	2472	496,31	159,35	0,72	0,48	613,23	3,16	0	493,32	150,06	0,45	0,49	612,75	2,99	0	81	495	155						"Augenblicke8.jpg"	0	1200	1024	40	0	449	158	997	0	"Content"		455	155	49313005	374113432
49333	"15:38:46.458"	"00:00:49.332"	2473	488,96	152,93	0,72	0,48	613,23	3,16	0	499,99	139,68	0,45	0,49	612,75	2,97	0	81	494	146						"Augenblicke8.jpg"	0	1200	1024	40	0	449	158	997	0	"Content"		454	146	49332994	374133421
49353	"15:38:46.478"	"00:00:49.352"	2474	491,01	152,43	0,72	0,48	613,19	3,15	0	502,63	132,4	0,45	0,49	612,66	2,96	0	81	497	142						"Augenblicke8.jpg"	0	1200	1024	40	0	449	158	997	0	"Content"		457	142	49352874	374153301
49373	"15:38:46.498"	"00:00:49.372"	2475	474,56	151,67	0,72	0,48	613,19	3,15	0	487,79	148,45	0,45	0,49	612,66	2,95	0	81	481	150						"Augenblicke8.jpg"	0	1200	1024	40	0	449	158	997	0	"Content"		441	150	49372751	374173178
49393	"15:38:46.518"	"00:00:49.392"	2476	467,27	156,68	0,72	0,48	613,19	3,18	0	471,35	176,93	0,45	0,49	612,66	2,97	0	81	469	167						"Augenblicke8.jpg"	0	1200	1024	40	0	449	158	997	0	"Content"		429	167	49392723	374193150
49413	"15:38:46.538"	"00:00:49.412"	2477	470,56	148,75	0,72	0,48	613,19	3,19	0	478,04	160,55	0,45	0,49	612,66	3	0	81	474	155						"Augenblicke8.jpg"	0	1200	1024	40	0	449	158	997	0	"Content"		434	155	49412784	374213211
49433	"15:38:46.558"	"00:00:49.432"	2478	467,95	160,87	0,72	0,48	613,19	3,18	0	470,87	172,97	0,45	0,49	612,66	2,97	0	81	469	167						"Augenblicke8.jpg"	0	1200	1024	40	0	449	158	997	0	"Content"		429	167	49432628	374233055
49453	"15:38:46.578"	"00:00:49.452"	2479	460,7	155,2	0,72	0,48	614,5	3,19	0	468,49	157,95	0,45	0,49	615,07	2,99	0	81	465	157						"Augenblicke8.jpg"	0	1200	1024	40	0	449	158	997	0	"Content"		425	157	49452577	374253004
49473	"15:38:46.598"	"00:00:49.472"	2480	458,46	164,04	0,72	0,48	614,5	3,17	0	475,62	143,91	0,45	0,49	615,07	2,97	0	81	467	154						"Augenblicke8.jpg"	0	1200	1024	40	0	449	158	997	0	"Content"		427	154	49472538	374272965
49492	"15:38:46.617"	"00:00:49.492"	2481	462,42	172,64	0,72	0,48	614,5	3,19	0	472,79	151,03	0,45	0,49	615,07	2,99	0	81	468	162						"Augenblicke8.jpg"	0	1200	1024	40	0	449	158	997	0	"Content"		428	162	49492318	374292745
49512	"15:38:46.637"	"00:00:49.512"	2482	471,48	161,36	0,72	0,48	614,5	3,16	0	468,2	145,75	0,45	0,49	615,07	2,96	0	81	470	154						"Augenblicke8.jpg"	0	1200	1024	40	0	449	158	997	0	"Content"		430	154	49512346	374312773
49532	"15:38:46.657"	"00:00:49.532"	2483	470,64	165,81	0,72	0,48	614,5	3,18	0	468,43	153,96	0,45	0,49	615,07	2,99	0	81	470	160						"Augenblicke8.jpg"	0	1200	1024	40	0	449	158	997	0	"Content"		430	160	49532257	374332684
49552	"15:38:46.677"	"00:00:49.552"	2484	473,63	168,78	0,72	0,48	614,08	3,17	0	467,56	159,61	0,45	0,49	613,29	2,97	0	81	471	164						"Augenblicke8.jpg"	0	1200	1024	40	0	449	158	997	0	"Content"		431	164	49552197	374352624
49572	"15:38:46.697"	"00:00:49.572"	2485	465,33	167,91	0,72	0,48	614,08	3,24	0	470,75	161,14	0,45	0,49	613,29	3,02	0	81	468	165						"Augenblicke8.jpg"	0	1200	1024	40	0	449	158	997	0	"Content"		428	165	49572143	374372570
49592	"15:38:46.717"	"00:00:49.592"	2486	471,41	167,58	0,72	0,48	614,08	3,21	0	470,91	156,71	0,45	0,49	613,29	3	0	81	471	162						"Augenblicke8.jpg"	0	1200	1024	40	0	449	158	997	0	"Content"		431	162	49592061	374392488
49612	"15:38:46.737"	"00:00:49.611"	2487	465,94	164,68	0,72	0,48	614,08	3,19	0	471,47	168,46	0,45	0,49	613,29	2,98	0	81	469	167						"Augenblicke8.jpg"	0	1200	1024	40	0	449	158	997	0	"Content"		429	167	49611936	374412363
49632	"15:38:46.757"	"00:00:49.631"	2488	459,63	153,17	0,72	0,48	614,08	3,16	0	468,35	166,15	0,45	0,49	613,29	3	0	81	464	160						"Augenblicke8.jpg"	0	1200	1024	40	0	449	158	997	0	"Content"		424	160	49631943	374432370
49652	"15:38:46.777"	"00:00:49.651"	2489	462,54	149,65	0,72	0,48	614,54	3,14	0	468,79	165,37	0,45	0,49	613,81	2,99	0	81	466	158						"Augenblicke8.jpg"	0	1200	1024	40	0	449	158	997	0	"Content"		426	158	49651803	374452230
49672	"15:38:46.797"	"00:00:49.671"	2490	478,7	195,37	0,72	0,48	614,54	3,17	0	480,8	190,88	0,45	0,49	613,81	2,96	0	82	480	193						"Augenblicke8.jpg"	0	1200	1024	40	0	443	202	458	0	"Content"		440	193	49671868	374472295
49692	"15:38:46.817"	"00:00:49.691"	2491	480,72	196,27	0,72	0,48	614,54	3,21	0	488,63	185,84	0,45	0,49	613,81	3,01	0	82	485	191						"Augenblicke8.jpg"	0	1200	1024	40	0	443	202	458	0	"Content"		445	191	49691666	374492093
49712	"15:38:46.837"	"00:00:49.711"	2492	479,14	187,62	0,72	0,48	614,54	3,22	0	490,81	199,53	0,45	0,49	613,81	3	0	82	485	194						"Augenblicke8.jpg"	0	1200	1024	40	0	443	202	458	0	"Content"		445	194	49711673	374512100
49732	"15:38:46.857"	"00:00:49.731"	2493	485,47	200,4	0,72	0,48	614,54	3,22	0	480,63	204,34	0,45	0,49	613,81	3	0	82	483	202						"Augenblicke8.jpg"	0	1200	1024	40	0	443	202	458	0	"Content"		443	202	49731585	374532012
49751	"15:38:46.876"	"00:00:49.751"	2494	483,93	201,38	0,72	0,48	613,8	3,22	0	482,38	209,11	0,45	0,49	612,83	2,99	0	82	483	205						"Augenblicke8.jpg"	0	1200	1024	40	0	443	202	458	0	"Content"		443	205	49751416	374551843
49771	"15:38:46.896"	"00:00:49.771"	2495	482,6	213,26	0,72	0,48	613,8	3,2	0	487,02	203,69	0,45	0,49	612,83	2,99	0	82	485	208						"Augenblicke8.jpg"	0	1200	1024	40	0	443	202	458	0	"Content"		445	208	49771462	374571889
49791	"15:38:46.916"	"00:00:49.791"	2496	476,12	204,27	0,72	0,48	613,8	3,2	0	488,56	202,13	0,45	0,49	612,83	3,03	0	82	482	203						"Augenblicke8.jpg"	0	1200	1024	40	0	443	202	458	0	"Content"		442	203	49791406	374591833
49811	"15:38:46.936"	"00:00:49.811"	2497	468,3	205,03	0,72	0,48	613,8	3,22	0	490,15	211,56	0,45	0,49	612,83	3,01	0	82	479	208						"Augenblicke8.jpg"	0	1200	1024	40	0	443	202	458	0	"Content"		439	208	49811280	374611707
49831	"15:38:46.956"	"00:00:49.831"	2498	479,53	188,26	0,72	0,48	613,8	3,26	0	486,47	201,45	0,45	0,49	612,83	3,02	0	82	483	195						"Augenblicke8.jpg"	0	1200	1024	40	0	443	202	458	0	"Content"		443	195	49831303	374631730
49851	"15:38:46.976"	"00:00:49.851"	2499	476,38	180,07	0,72	0,48	614,89	3,27	0	486,29	201,87	0,45	0,49	613,56	3,02	0	82	481	191						"Augenblicke8.jpg"	0	1200	1024	40	0	443	202	458	0	"Content"		441	191	49851158	374651585
49871	"15:38:46.996"	"00:00:49.871"	2500	484,39	204,51	0,72	0,48	614,89	3,25	0	483,46	195,22	0,45	0,49	613,56	3,04	0	82	484	200						"Augenblicke8.jpg"	0	1200	1024	40	0	443	202	458	0	"Content"		444	200	49871013	374671440
49891	"15:38:47.016"	"00:00:49.891"	2501	481,91	207,55	0,72	0,48	614,89	3,27	0	482,78	199,1	0,45	0,49	613,56	3,02	0	82	482	203						"Augenblicke8.jpg"	0	1200	1024	40	0	443	202	458	0	"Content"		442	203	49891023	374691450
49911	"15:38:47.036"	"00:00:49.910"	2502	482,19	204,71	0,72	0,48	614,89	3,28	0	479,89	208,79	0,45	0,49	613,56	3,03	0	82	481	207						"Augenblicke8.jpg"	0	1200	1024	40	0	443	202	458	0	"Content"		441	207	49910951	374711378
49931	"15:38:47.056"	"00:00:49.930"	2503	480,98	202,87	0,72	0,48	614,89	3,26	0	475,5	201,52	0,45	0,49	613,56	3,04	0	82	478	202						"Augenblicke8.jpg"	0	1200	1024	40	0	443	202	458	0	"Content"		438	202	49930895	374731322
49951	"15:38:47.076"	"00:00:49.950"	2504	480,37	205,54	0,72	0,48	614,23	3,27	0	475,14	205,24	0,45	0,49	613,88	3,04	0	82	478	205						"Augenblicke8.jpg"	0	1200	1024	40	0	443	202	458	0	"Content"		438	205	49950857	374751284
49971	"15:38:47.096"	"00:00:49.970"	2505	476,05	193,34	0,72	0,48	614,23	3,24	0	488,72	200,7	0,45	0,49	613,88	3,04	0	82	482	197						"Augenblicke8.jpg"	0	1200	1024	40	0	443	202	458	0	"Content"		442	197	49970811	374771238
49991	"15:38:47.116"	"00:00:49.990"	2506	486,94	202,06	0,72	0,48	614,23	3,28	0	489,47	196,84	0,45	0,49	613,88	3,03	0	82	488	199						"Augenblicke8.jpg"	0	1200	1024	40	0	443	202	458	0	"Content"		448	199	49990600	374791027
50011	"15:38:47.136"	"00:00:50.010"	2507	483,99	203,05	0,72	0,48	614,23	3,28	0	490,48	196,9	0,45	0,49	613,88	3	0	82	487	200						"Augenblicke8.jpg"	0	1200	1024	40	0	443	202	458	0	"Content"		447	200	50010597	374811024
50031	"15:38:47.156"	"00:00:50.030"	2508	490,08	205,05	0,72	0,48	614,23	3,26	0	488,08	202,38	0,45	0,49	613,88	3,02	0	82	489	204						"Augenblicke8.jpg"	0	1200	1024	40	0	443	202	458	0	"Content"		449	204	50030534	374830961
50050	"15:38:47.175"	"00:00:50.050"	2509	490,46	200,26	0,72	0,48	616,24	3,29	0	488,36	202,36	0,45	0,49	613,16	3	0	82	489	201						"Augenblicke8.jpg"	0	1200	1024	40	0	443	202	458	0	"Content"		449	201	50050466	374850893
50070	"15:38:47.195"	"00:00:50.070"	2510	491,61	200,87	0,72	0,48	616,24	3,24	0	490,86	204,6	0,45	0,49	613,16	3,06	0	82	491	203						"Augenblicke8.jpg"	0	1200	1024	40	0	443	202	458	0	"Content"		451	203	50070391	374870818
50090	"15:38:47.215"	"00:00:50.090"	2511	485,52	187,18	0,72	0,48	616,24	3,28	0	480,12	206,03	0,45	0,49	613,16	3,03	0	82	483	197						"Augenblicke8.jpg"	0	1200	1024	40	0	443	202	458	0	"Content"		443	197	50090369	374890796
50110	"15:38:47.235"	"00:00:50.110"	2512	484,44	202,59	0,72	0,48	616,24	3,25	0	481,12	201,53	0,45	0,49	613,16	3,03	0	82	483	202						"Augenblicke8.jpg"	0	1200	1024	40	0	443	202	458	0	"Content"		443	202	50110240	374910667
50130	"15:38:47.255"	"00:00:50.130"	2513	514,7	227,23	0,72	0,48	616,24	3,28	0	511,36	239,57	0,45	0,49	613,16	3,04	0	83	513	233						"Augenblicke8.jpg"	0	1200	1024	40	0	476	235	419	0	"Content"		473	233	50130171	374930598
50150	"15:38:47.275"	"00:00:50.150"	2514	514,1	233,8	0,72	0,48	613,8	3,26	0	511,02	242,69	0,45	0,49	613,1	3,05	0	83	513	238						"Augenblicke8.jpg"	0	1200	1024	40	0	476	235	419	0	"Content"		473	238	50150087	374950514
50170	"15:38:47.295"	"00:00:50.170"	2515	506,66	233,45	0,72	0,48	613,8	3,31	0	518,67	240,77	0,45	0,49	613,1	3,01	0	83	513	237						"Augenblicke8.jpg"	0	1200	1024	40	0	476	235	419	0	"Content"		473	237	50170128	374970555
50190	"15:38:47.315"	"00:00:50.189"	2516	510,56	232,15	0,72	0,48	613,8	3,28	0	501,73	239,75	0,45	0,49	613,1	3,02	0	83	506	236						"Augenblicke8.jpg"	0	1200	1024	40	0	476	235	419	0	"Content"		466	236	50189944	374990371
50210	"15:38:47.335"	"00:00:50.209"	2517	518,78	240,24	0,72	0,48	613,8	3,26	0	510,95	253,87	0,45	0,49	613,1	3,04	0	83	515	247						"Augenblicke8.jpg"	0	1200	1024	40	0	476	235	419	0	"Content"		475	247	50209948	375010375
50230	"15:38:47.355"	"00:00:50.229"	2518	512,63	245,52	0,72	0,48	613,8	3,27	0	517,02	244,97	0,45	0,49	613,1	3,06	0	83	515	245						"Augenblicke8.jpg"	0	1200	1024	40	0	476	235	419	0	"Content"		475	245	50229878	375030305
50250	"15:38:47.375"	"00:00:50.249"	2519	516,1	249,54	0,72	0,48	613,22	3,26	0	511,2	243,7	0,46	0,49	614,6	3,09	0	83	514	247						"Augenblicke8.jpg"	0	1200	1024	40	0	476	235	419	0	"Content"		474	247	50249686	375050113
50270	"15:38:47.395"	"00:00:50.269"	2520	512,85	230,55	0,72	0,48	613,22	3,25	0	520,24	250,09	0,46	0,49	614,6	3,08	0	83	517	240						"Augenblicke8.jpg"	0	1200	1024	40	0	476	235	419	0	"Content"		477	240	50269749	375070176
50290	"15:38:47.415"	"00:00:50.289"	2521	503,12	237,53	0,72	0,48	613,22	3,33	0	508,21	239,69	0,46	0,49	614,6	3,1	0	83	506	239						"Augenblicke8.jpg"	0	1200	1024	40	0	476	235	419	0	"Content"		466	239	50289674	375090101
50310	"15:38:47.435"	"00:00:50.309"	2522	513,48	230,39	0,72	0,48	613,22	3,28	0	517,58	225,77	0,46	0,49	614,6	3,02	0	83	516	228						"Augenblicke8.jpg"	0	1200	1024	40	0	476	235	419	0	"Content"		476	228	50309598	375110025
50330	"15:38:47.455"	"00:00:50.329"	2523	509,21	227,97	0,72	0,48	613,22	3,29	0	509,24	237,03	0,46	0,49	614,6	3,03	0	83	509	232						"Augenblicke8.jpg"	0	1200	1024	40	0	476	235	419	0	"Content"		469	232	50329609	375130036
50349	"15:38:47.474"	"00:00:50.349"	2524	512,88	233,26	0,72	0,48	611,99	3,29	0	509,56	228,19	0,46	0,49	615,77	3,03	0	83	511	231						"Augenblicke8.jpg"	0	1200	1024	40	0	476	235	419	0	"Content"		471	231	50349447	375149874
50369	"15:38:47.494"	"00:00:50.369"	2525	526,77	230,25	0,72	0,48	611,99	3,26	0	510,74	240,46	0,46	0,49	615,77	3,05	0	83	519	235						"Augenblicke8.jpg"	0	1200	1024	40	0	476	235	419	0	"Content"		479	235	50369367	375169794
50389	"15:38:47.514"	"00:00:50.389"	2526	521,07	238,16	0,72	0,48	611,99	3,28	0	519,66	228,82	0,46	0,49	615,77	3,03	0	83	520	233						"Augenblicke8.jpg"	0	1200	1024	40	0	476	235	419	0	"Content"		480	233	50389313	375189740
50409	"15:38:47.534"	"00:00:50.409"	2527	524,65	243,38	0,72	0,48	611,99	3,25	0	518,96	233,58	0,46	0,49	615,77	2,99	0	83	522	238						"Augenblicke8.jpg"	0	1200	1024	40	0	476	235	419	0	"Content"		482	238	50409227	375209654
50429	"15:38:47.554"	"00:00:50.429"	2528	524,34	243,25	0,72	0,48	611,99	3,3	0	515,37	230,93	0,46	0,49	615,77	3,05	0	83	520	237						"Augenblicke8.jpg"	0	1200	1024	40	0	476	235	419	0	"Content"		480	237	50429188	375229615
50449	"15:38:47.574"	"00:00:50.449"	2529	524,29	237,58	0,72	0,48	613,87	3,31	0	514,93	234,3	0,46	0,49	615,27	3,03	0	83	520	236						"Augenblicke8.jpg"	0	1200	1024	40	0	476	235	419	0	"Content"		480	236	50449051	375249478
50469	"15:38:47.594"	"00:00:50.469"	2530	522,51	230,65	0,72	0,48	613,87	3,32	0	526,82	228,48	0,46	0,49	615,27	3,09	0	83	525	230						"Augenblicke8.jpg"	0	1200	1024	40	0	476	235	419	0	"Content"		485	230	50469094	375269521
50489	"15:38:47.614"	"00:00:50.488"	2531	517,59	234,05	0,72	0,48	613,87	3,29	0	521,81	231,13	0,46	0,49	615,27	3,07	0	83	520	233						"Augenblicke8.jpg"	0	1200	1024	40	0	476	235	419	0	"Content"		480	233	50488897	375289324
50509	"15:38:47.634"	"00:00:50.508"	2532	516,7	235,28	0,72	0,48	613,87	3,31	0	521,8	234,42	0,46	0,49	615,27	3,07	0	83	519	235						"Augenblicke8.jpg"	0	1200	1024	40	0	476	235	419	0	"Content"		479	235	50508928	375309355
50529	"15:38:47.654"	"00:00:50.528"	2533	518,11	232,77	0,72	0,48	613,87	3,3	0	520,2	226,02	0,46	0,49	615,27	3,06	0	83	519	229						"Augenblicke8.jpg"	0	1200	1024	40	0	476	235	419	0	"Content"		479	229	50528831	375329258
50549	"15:38:47.674"	"00:00:50.548"	2534	518,22	225,13	0,72	0,48	616,45	3,32	0	520,27	234,25	0,46	0,49	613,3	3,05	0	84	519	230						"Augenblicke8.jpg"	0	1200	1024	40	0	509	263	1017	0	"Content"		479	230	50548793	375349220
50569	"15:38:47.694"	"00:00:50.568"	2535	546,9	267,99	0,72	0,48	616,45	3,33	0	549,96	271,56	0,45	0,49	613,3	3,09	0	84	548	270						"Augenblicke8.jpg"	0	1200	1024	40	0	509	263	1017	0	"Content"		508	270	50568700	375369127
50589	"15:38:47.714"	"00:00:50.588"	2536	552,54	257,12	0,72	0,48	616,45	3,31	0	545,28	268,64	0,46	0,49	613,3	3,03	0	84	549	263						"Augenblicke8.jpg"	0	1200	1024	40	0	509	263	1017	0	"Content"		509	263	50588633	375389060
50609	"15:38:47.734"	"00:00:50.608"	2537	550,32	264,36	0,72	0,48	616,45	3,29	0	543,47	270,78	0,46	0,49	613,3	3,09	0	84	547	268						"Augenblicke8.jpg"	0	1200	1024	40	0	509	263	1017	0	"Content"		507	268	50608528	375408955
50628	"15:38:47.753"	"00:00:50.628"	2538	545,14	264,93	0,72	0,48	616,45	3,27	0	542,54	268,14	0,46	0,49	613,3	3,07	0	84	544	267						"Augenblicke8.jpg"	0	1200	1024	40	0	509	263	1017	0	"Content"		504	267	50628395	375428822
50648	"15:38:47.773"	"00:00:50.648"	2539	546,38	267,06	0,72	0,48	615,85	3,25	0	541,38	261,53	0,46	0,49	615,64	3,06	0	84	544	264						"Augenblicke8.jpg"	0	1200	1024	40	0	509	263	1017	0	"Content"		504	264	50648401	375448828
50668	"15:38:47.793"	"00:00:50.668"	2540	550,37	254,29	0,72	0,48	615,85	3,33	0	543,02	257,14	0,46	0,49	615,64	3,08	0	84	547	256						"Augenblicke8.jpg"	0	1200	1024	40	0	509	263	1017	0	"Content"		507	256	50668437	375468864
50688	"15:38:47.813"	"00:00:50.688"	2541	545,53	250,82	0,72	0,48	615,85	3,29	0	544,03	259,37	0,46	0,49	615,64	3,1	0	84	545	255						"Augenblicke8.jpg"	0	1200	1024	40	0	509	263	1017	0	"Content"		505	255	50688243	375488670
50708	"15:38:47.833"	"00:00:50.708"	2542	539,5	240,43	0,72	0,48	615,85	3,31	0	543,41	264,02	0,46	0,49	615,64	3,06	0	84	541	252						"Augenblicke8.jpg"	0	1200	1024	40	0	509	263	1017	0	"Content"		501	252	50708246	375508673
50728	"15:38:47.853"	"00:00:50.728"	2543	534,42	248,21	0,72	0,48	615,85	3,32	0	545,05	260,86	0,46	0,49	615,64	3,09	0	84	540	255						"Augenblicke8.jpg"	0	1200	1024	40	0	509	263	1017	0	"Content"		500	255	50728173	375528600
50748	"15:38:47.873"	"00:00:50.748"	2544	531,85	243,15	0,72	0,48	616,12	3,3	0	545,06	268,58	0,46	0,49	613,74	3,07	0	84	538	256						"Augenblicke8.jpg"	0	1200	1024	40	0	509	263	1017	0	"Content"		498	256	50748012	375548439
50768	"15:38:47.893"	"00:00:50.768"	2545	542,69	256,24	0,72	0,48	616,12	3,37	0	540,54	260,25	0,46	0,49	613,74	3,09	0	84	542	258						"Augenblicke8.jpg"	0	1200	1024	40	0	509	263	1017	0	"Content"		502	258	50768025	375568452
50788	"15:38:47.913"	"00:00:50.787"	2546	549,95	253,61	0,72	0,48	616,12	3,35	0	547,3	261,45	0,46	0,49	613,74	3,07	0	84	549	258						"Augenblicke8.jpg"	0	1200	1024	40	0	509	263	1017	0	"Content"		509	258	50787856	375588283
50808	"15:38:47.933"	"00:00:50.807"	2547	525,19	250,39	0,72	0,48	616,12	3,31	0	538,36	260,35	0,46	0,49	613,74	3,06	0	84	532	255						"Augenblicke8.jpg"	0	1200	1024	40	0	509	263	1017	0	"Content"		492	255	50807852	375608279
50828	"15:38:47.953"	"00:00:50.827"	2548	535,49	258,89	0,72	0,48	616,12	3,27	0	538,08	256,08	0,46	0,49	613,74	3,07	0	84	537	257						"Augenblicke8.jpg"	0	1200	1024	40	0	509	263	1017	0	"Content"		497	257	50827895	375628322
50848	"15:38:47.973"	"00:00:50.847"	2549	532,92	260,09	0,72	0,48	615,09	3,24	0	538,94	257,39	0,46	0,49	613,21	3,06	0	84	536	259						"Augenblicke8.jpg"	0	1200	1024	40	0	509	263	1017	0	"Content"		496	259	50847742	375648169
50868	"15:38:47.993"	"00:00:50.867"	2550	533,37	257,75	0,72	0,48	615,09	3,3	0	547,13	254,93	0,46	0,49	613,21	3,06	0	84	540	256						"Augenblicke8.jpg"	0	1200	1024	40	0	509	263	1017	0	"Content"		500	256	50867625	375668052
50888	"15:38:48.013"	"00:00:50.887"	2551	531,15	247,69	0,72	0,48	615,09	3,33	0	537,96	256,3	0,45	0,49	613,21	3,09	0	84	535	252						"Augenblicke8.jpg"	0	1200	1024	40	0	509	263	1017	0	"Content"		495	252	50887645	375688072
50908	"15:38:48.033"	"00:00:50.907"	2552	539,42	251,5	0,72	0,48	615,09	3,31	0	542,63	262,55	0,45	0,49	613,21	3,09	0	84	541	257						"Augenblicke8.jpg"	0	1200	1024	40	0	509	263	1017	0	"Content"		501	257	50907518	375707945
50927	"15:38:48.052"	"00:00:50.927"	2553	537,15	241,8	0,72	0,48	615,09	3,34	0	548,89	265,85	0,45	0,49	613,21	3,06	0	84	543	254						"Augenblicke8.jpg"	0	1200	1024	40	0	509	263	1017	0	"Content"		503	254	50927487	375727914
50947	"15:38:48.072"	"00:00:50.947"	2554	539,19	239,62	0,72	0,48	615,5	3,34	0	545,98	266,59	0,45	0,49	613,85	3,08	0	84	543	253						"Augenblicke8.jpg"	0	1200	1024	40	0	509	263	1017	0	"Content"		503	253	50947326	375747753
50967	"15:38:48.092"	"00:00:50.967"	2555	540,98	263,56	0,72	0,48	615,5	3,35	0	534,99	254,21	0,45	0,49	613,85	3,04	0	84	538	259						"Augenblicke8.jpg"	0	1200	1024	40	0	509	263	1017	0	"Content"		498	259	50967380	375767807
50987	"15:38:48.112"	"00:00:50.987"	2556	530,47	254,09	0,72	0,48	615,5	3,3	0	539,19	271,66	0,45	0,49	613,85	3,05	0	84	535	263						"Augenblicke8.jpg"	0	1200	1024	40	0	509	263	1017	0	"Content"		495	263	50987206	375787633
51007	"15:38:48.132"	"00:00:51.007"	2557	533,13	243,77	0,72	0,48	615,5	3,31	0	535,45	267,63	0,45	0,49	613,85	3,06	0	84	534	256						"Augenblicke8.jpg"	0	1200	1024	40	0	509	263	1017	0	"Content"		494	256	51007076	375807503
51027	"15:38:48.152"	"00:00:51.027"	2558	535,27	245,25	0,72	0,48	615,5	3,29	0	544,99	262,05	0,45	0,49	613,85	3,05	0	84	540	254						"Augenblicke8.jpg"	0	1200	1024	40	0	509	263	1017	0	"Content"		500	254	51027132	375827559
51047	"15:38:48.172"	"00:00:51.047"	2559	534,37	250,97	0,72	0,48	614,06	3,28	0	541,07	262,35	0,45	0,49	616,75	3,07	0	84	538	257						"Augenblicke8.jpg"	0	1200	1024	40	0	509	263	1017	0	"Content"		498	257	51047063	375847490
51067	"15:38:48.192"	"00:00:51.066"	2560	564,18	272,62	0,72	0,48	614,06	3,31	0	572,55	264,76	0,45	0,49	616,75	3,07	0	84	568	269						"Augenblicke8.jpg"	0	1200	1024	40	0	509	263	1017	0	"Content"		528	269	51066973	375867400
51087	"15:38:48.212"	"00:00:51.086"	2561	560	279,55	0,72	0,48	614,06	3,3	0	571,43	264,29	0,45	0,49	616,75	3,1	0	84	566	272						"Augenblicke8.jpg"	0	1200	1024	40	0	509	263	1017	0	"Content"		526	272	51086980	375887407
51107	"15:38:48.232"	"00:00:51.106"	2562	555,23	278,61	0,72	0,48	614,06	3,3	0	570,32	278,21	0,45	0,49	616,75	3,1	0	84	563	278						"Augenblicke8.jpg"	0	1200	1024	40	0	509	263	1017	0	"Content"		523	278	51106848	375907275
51127	"15:38:48.252"	"00:00:51.126"	2563	560,64	280,84	0,72	0,48	614,06	3,29	0	569,2	274,75	0,45	0,49	616,75	3,1	0	84	565	278						"Augenblicke8.jpg"	0	1200	1024	40	0	509	263	1017	0	"Content"		525	278	51126730	375927157
51147	"15:38:48.272"	"00:00:51.146"	2564	559,19	273,85	0,72	0,48	616,6	3,31	0	570,12	286,64	0,45	0,49	614,16	3,09	0	84	565	280						"Augenblicke8.jpg"	0	1200	1024	40	0	509	263	1017	0	"Content"		525	280	51146686	375947113
51167	"15:38:48.292"	"00:00:51.166"	2565	554,96	262,21	0,72	0,48	616,6	3,32	0	560,84	268,46	0,45	0,49	614,16	3,07	0	84	558	265						"Augenblicke8.jpg"	0	1200	1024	40	0	509	263	1017	0	"Content"		518	265	51166719	375967146
51187	"15:38:48.312"	"00:00:51.186"	2566	559,99	252,48	0,72	0,48	616,6	3,32	0	566,37	264,84	0,45	0,49	614,16	3,09	0	84	563	259						"Augenblicke8.jpg"	0	1200	1024	40	0	509	263	1017	0	"Content"		523	259	51186567	375986994
51207	"15:38:48.332"	"00:00:51.206"	2567	574,72	270,04	0,72	0,48	616,6	3,28	0	557,34	275,18	0,45	0,49	614,16	3,05	0	84	566	273						"Augenblicke8.jpg"	0	1200	1024	40	0	509	263	1017	0	"Content"		526	273	51206542	376006969
51226	"15:38:48.351"	"00:00:51.226"	2568	571,78	255,78	0,72	0,48	616,6	3,29	0	556,06	267,21	0,45	0,49	614,16	3,05	0	84	564	261						"Augenblicke8.jpg"	0	1200	1024	40	0	509	263	1017	0	"Content"		524	261	51226461	376026888
51246	"15:38:48.371"	"00:00:51.246"	2569	575,56	252,88	0,72	0,48	617,17	3,3	0	556,21	264,96	0,45	0,49	615,09	3,06	0	84	566	259						"Augenblicke8.jpg"	0	1200	1024	40	0	509	263	1017	0	"Content"		526	259	51246283	376046710
51266	"15:38:48.391"	"00:00:51.266"	2570	556,91	255,55	0,72	0,48	617,17	3,32	0	557,07	261,62	0,45	0,49	615,09	3,04	0	84	557	259						"Augenblicke8.jpg"	0	1200	1024	40	0	509	263	1017	0	"Content"		517	259	51266332	376066759
51286	"15:38:48.411"	"00:00:51.286"	2571	547,62	268,15	0,72	0,48	617,17	3,3	0	555,56	272,64	0,45	0,49	615,09	3,03	0	84	552	270						"Augenblicke8.jpg"	0	1200	1024	40	0	509	263	1017	0	"Content"		512	270	51286150	376086577
51306	"15:38:48.431"	"00:00:51.306"	2572	554,8	262,1	0,72	0,48	617,17	3,25	0	561,43	267,42	0,45	0,49	615,09	3,04	0	84	558	265						"Augenblicke8.jpg"	0	1200	1024	40	0	509	263	1017	0	"Content"		518	265	51306181	376106608
51326	"15:38:48.451"	"00:00:51.326"	2573	552,91	265,92	0,72	0,48	617,17	3,28	0	552,98	270,52	0,45	0,49	615,09	3,07	0	84	553	268						"Augenblicke8.jpg"	0	1200	1024	40	0	509	263	1017	0	"Content"		513	268	51326211	376126638
51346	"15:38:48.471"	"00:00:51.346"	2574	556,6	273,07	0,72	0,48	613,64	3,24	0	555,62	273,59	0,45	0,49	613,18	3,06	0	84	556	273						"Augenblicke8.jpg"	0	1200	1024	40	0	509	263	1017	0	"Content"		516	273	51346044	376146471
51366	"15:38:48.491"	"00:00:51.365"	2575	547,05	271,73	0,72	0,48	613,64	3,29	0	559,56	288,18	0,45	0,49	613,18	3,06	0	84	553	280						"Augenblicke8.jpg"	0	1200	1024	40	0	509	263	1017	0	"Content"		513	280	51365926	376166353
51386	"15:38:48.511"	"00:00:51.385"	2576	554,41	277,07	0,72	0,48	613,64	3,3	0	550,04	271,99	0,45	0,49	613,18	3,08	0	84	552	275						"Augenblicke8.jpg"	0	1200	1024	40	0	509	263	1017	0	"Content"		512	275	51385950	376186377
51406	"15:38:48.531"	"00:00:51.405"	2577	550,87	266,67	0,72	0,48	613,64	3,3	0	550,69	289,17	0,45	0,49	613,18	3,08	0	84	551	278						"Augenblicke8.jpg"	0	1200	1024	40	0	509	263	1017	0	"Content"		511	278	51405829	376206256
51426	"15:38:48.551"	"00:00:51.425"	2578	543,48	270,32	0,72	0,48	613,64	3,28	0	555,36	275,62	0,45	0,49	613,18	3,06	0	84	549	273						"Augenblicke8.jpg"	0	1200	1024	40	0	509	263	1017	0	"Content"		509	273	51425847	376226274
51446	"15:38:48.571"	"00:00:51.445"	2579	544,35	265,95	0,72	0,48	615,18	3,29	0	551,01	277,59	0,45	0,49	614,87	3,07	0	84	548	272						"Augenblicke8.jpg"	0	1200	1024	40	0	509	263	1017	0	"Content"		508	272	51445647	376246074
51466	"15:38:48.591"	"00:00:51.465"	2580	556,62	271,96	0,72	0,48	615,18	3,3	0	554,56	264,86	0,45	0,49	614,87	3,09	0	84	556	268						"Augenblicke8.jpg"	0	1200	1024	40	0	509	263	1017	0	"Content"		516	268	51465702	376266129
51486	"15:38:48.611"	"00:00:51.485"	2581	556,58	276	0,72	0,48	615,18	3,29	0	552,99	274,29	0,45	0,49	614,87	3,11	0	84	555	275						"Augenblicke8.jpg"	0	1200	1024	40	0	509	263	1017	0	"Content"		515	275	51485526	376285953
51505	"15:38:48.630"	"00:00:51.505"	2582	556,42	265,37	0,72	0,48	615,18	3,28	0	551,8	280,92	0,45	0,49	614,87	3,09	0	84	554	273						"Augenblicke8.jpg"	0	1200	1024	40	0	509	263	1017	0	"Content"		514	273	51505402	376305829
51525	"15:38:48.650"	"00:00:51.525"	2583	553,76	268,3	0,72	0,48	615,18	3,33	0	552,3	283,16	0,45	0,49	614,87	3,09	0	84	553	276						"Augenblicke8.jpg"	0	1200	1024	40	0	509	263	1017	0	"Content"		513	276	51525477	376325904
51545	"15:38:48.670"	"00:00:51.545"	2584	553,07	268,89	0,72	0,48	614,74	3,32	0	552,33	291,41	0,45	0,49	613,01	3,08	0	84	553	280						"Augenblicke8.jpg"	0	1200	1024	40	0	509	263	1017	0	"Content"		513	280	51545396	376345823
51565	"15:38:48.690"	"00:00:51.565"	2585	551,92	273,36	0,72	0,48	614,74	3,29	0	547,08	276,07	0,45	0,49	613,01	3,07	0	85	549	275						"Augenblicke8.jpg"	0	1200	1024	40	0	541	298	339	0	"Content"		509	275	51565315	376365742
51585	"15:38:48.710"	"00:00:51.585"	2586	586,03	293,51	0,72	0,48	614,74	3,34	0	596,58	313,63	0,45	0,49	613,01	3,11	0	85	591	304						"Augenblicke8.jpg"	0	1200	1024	40	0	541	298	339	0	"Content"		551	304	51585257	376385684
51605	"15:38:48.730"	"00:00:51.605"	2587	571,88	285,84	0,72	0,48	614,74	3,33	0	574,73	301,94	0,45	0,49	613,01	3,07	0	85	573	294						"Augenblicke8.jpg"	0	1200	1024	40	0	541	298	339	0	"Content"		533	294	51605128	376405555
51625	"15:38:48.750"	"00:00:51.625"	2588	578,99	294,18	0,72	0,48	614,74	3,33	0	580,11	308,18	0,45	0,49	613,01	3,06	0	85	580	301						"Augenblicke8.jpg"	0	1200	1024	40	0	541	298	339	0	"Content"		540	301	51625020	376425447
51645	"15:38:48.770"	"00:00:51.644"	2589	571,68	288,93	0,72	0,48	615,69	3,34	0	585,83	301,64	0,45	0,49	613,34	3,07	0	85	579	295						"Augenblicke8.jpg"	0	1200	1024	40	0	541	298	339	0	"Content"		539	295	51644977	376445404
51665	"15:38:48.790"	"00:00:51.664"	2590	581,89	300,26	0,72	0,48	615,69	3,31	0	584,55	302,96	0,45	0,49	613,34	3,07	0	85	583	302						"Augenblicke8.jpg"	0	1200	1024	40	0	541	298	339	0	"Content"		543	302	51664898	376465325
51685	"15:38:48.810"	"00:00:51.684"	2591	572,96	298,64	0,72	0,48	615,69	3,3	0	574,43	312,11	0,45	0,49	613,34	3,09	0	85	574	305						"Augenblicke8.jpg"	0	1200	1024	40	0	541	298	339	0	"Content"		534	305	51684839	376485266
51705	"15:38:48.830"	"00:00:51.704"	2592	577,83	297,95	0,72	0,48	615,69	3,35	0	583,64	310,08	0,45	0,49	613,34	3,07	0	85	581	304						"Augenblicke8.jpg"	0	1200	1024	40	0	541	298	339	0	"Content"		541	304	51704869	376505296
51725	"15:38:48.850"	"00:00:51.724"	2593	580,14	289,97	0,72	0,48	615,69	3,35	0	583,01	309,78	0,45	0,49	613,34	3,06	0	85	582	300						"Augenblicke8.jpg"	0	1200	1024	40	0	541	298	339	0	"Content"		542	300	51724757	376525184
51745	"15:38:48.870"	"00:00:51.744"	2594	578,99	286,33	0,72	0,48	616,45	3,36	0	581,79	303,76	0,45	0,49	615,55	3,08	0	85	580	295						"Augenblicke8.jpg"	0	1200	1024	40	0	541	298	339	0	"Content"		540	295	51744610	376545037
51765	"15:38:48.890"	"00:00:51.764"	2595	579,02	280,64	0,72	0,48	616,45	3,31	0	574,61	298,94	0,45	0,49	615,55	3,08	0	85	577	290						"Augenblicke8.jpg"	0	1200	1024	40	0	541	298	339	0	"Content"		537	290	51764613	376565040
51784	"15:38:48.909"	"00:00:51.784"	2596	584,05	284,49	0,72	0,48	616,45	3,31	0	585,26	301,65	0,45	0,49	615,55	3,12	0	85	585	293						"Augenblicke8.jpg"	0	1200	1024	40	0	541	298	339	0	"Content"		545	293	51784457	376584884
51804	"15:38:48.929"	"00:00:51.804"	2597	590,48	287,7	0,72	0,48	616,45	3,31	0	579,83	300,39	0,45	0,49	615,55	3,08	0	85	585	294						"Augenblicke8.jpg"	0	1200	1024	40	0	541	298	339	0	"Content"		545	294	51804478	376604905
51824	"15:38:48.949"	"00:00:51.824"	2598	587,79	297,22	0,72	0,48	616,45	3,34	0	583,09	299,5	0,45	0,49	615,55	3,11	0	85	585	298						"Augenblicke8.jpg"	0	1200	1024	40	0	541	298	339	0	"Content"		545	298	51824383	376624810
51844	"15:38:48.969"	"00:00:51.844"	2599	590,62	301,52	0,72	0,48	616,33	3,34	0	582,07	304,18	0,45	0,49	614,27	3,09	0	85	586	303						"Augenblicke8.jpg"	0	1200	1024	40	0	541	298	339	0	"Content"		546	303	51844341	376644768
51864	"15:38:48.989"	"00:00:51.864"	2600	576,26	298,37	0,72	0,48	616,33	3,31	0	573,31	299,25	0,45	0,49	614,27	3,09	0	85	575	299						"Augenblicke8.jpg"	0	1200	1024	40	0	541	298	339	0	"Content"		535	299	51864198	376664625
51884	"15:38:49.009"	"00:00:51.884"	2601	581,73	282,79	0,72	0,48	616,33	3,34	0	581,89	304,04	0,45	0,49	614,27	3,08	0	85	582	293						"Augenblicke8.jpg"	0	1200	1024	40	0	541	298	339	0	"Content"		542	293	51884115	376684542
51904	"15:38:49.029"	"00:00:51.904"	2602	614,93	316,05	0,72	0,48	616,33	3,33	0	621,19	330,66	0,45	0,49	614,27	3,1	0	86	618	323						"Augenblicke8.jpg"	0	1200	1024	40	0	596	341	478	0	"Content"		578	323	51904141	376704568
51924	"15:38:49.049"	"00:00:51.924"	2603	607,92	297,77	0,72	0,48	616,33	3,33	0	609,88	324,83	0,45	0,49	614,27	3,09	0	86	609	311						"Augenblicke8.jpg"	0	1200	1024	40	0	596	341	478	0	"Content"		569	311	51924095	376724522
51944	"15:38:49.069"	"00:00:51.943"	2604	599,36	301,15	0,72	0,48	615,52	3,33	0	621,81	318,2	0,45	0,49	614,69	3,09	0	86	611	310						"Augenblicke8.jpg"	0	1200	1024	40	0	596	341	478	0	"Content"		571	310	51943930	376744357
51964	"15:38:49.089"	"00:00:51.963"	2605	611,64	303,35	0,72	0,48	615,52	3,29	0	613,29	337,14	0,45	0,49	614,69	3,08	0	86	612	320						"Augenblicke8.jpg"	0	1200	1024	40	0	596	341	478	0	"Content"		572	320	51963949	376764376
51984	"15:38:49.109"	"00:00:51.983"	2606	616,19	321,12	0,72	0,48	615,52	3,32	0	614	339,44	0,45	0,49	614,69	3,11	0	86	615	330						"Augenblicke8.jpg"	0	1200	1024	40	0	596	341	478	0	"Content"		575	330	51983816	376784243
52004	"15:38:49.129"	"00:00:52.003"	2607	609,49	326,87	0,72	0,48	615,52	3,3	0	606,24	331,02	0,45	0,49	614,69	3,1	0	86	608	329						"Augenblicke8.jpg"	0	1200	1024	40	0	596	341	478	0	"Content"		568	329	52003699	376804126
52024	"15:38:49.149"	"00:00:52.023"	2608	612,77	328,31	0,72	0,48	615,52	3,33	0	616,43	322,07	0,45	0,49	614,69	3,09	0	86	615	325						"Augenblicke8.jpg"	0	1200	1024	40	0	596	341	478	0	"Content"		575	325	52023717	376824144
52044	"15:38:49.169"	"00:00:52.043"	2609	613,45	325,15	0,72	0,48	617,3	3,33	0	615,43	322,32	0,45	0,49	613,91	3,09	0	86	614	324						"Augenblicke8.jpg"	0	1200	1024	40	0	596	341	478	0	"Content"		574	324	52043686	376844113
52064	"15:38:49.189"	"00:00:52.063"	2610	614,81	312,99	0,72	0,48	617,3	3,35	0	614,43	342,48	0,45	0,49	613,91	3,11	0	86	615	328						"Augenblicke8.jpg"	0	1200	1024	40	0	596	341	478	0	"Content"		575	328	52063590	376864017
52084	"15:38:49.209"	"00:00:52.083"	2611	614,43	313,24	0,72	0,48	617,3	3,29	0	604,88	326,46	0,45	0,49	613,91	3,07	0	86	610	320						"Augenblicke8.jpg"	0	1200	1024	40	0	596	341	478	0	"Content"		570	320	52083569	376883996
52103	"15:38:49.228"	"00:00:52.103"	2612	651,78	329,59	0,72	0,48	617,3	3,31	0	644,25	348,2	0,45	0,49	613,91	3,08	0	86	648	339						"Augenblicke8.jpg"	0	1200	1024	40	0	596	341	478	0	"Content"		608	339	52103450	376903877
52123	"15:38:49.248"	"00:00:52.123"	2613	646,17	326,65	0,72	0,48	617,3	3,32	0	640,53	343,94	0,45	0,49	613,91	3,11	0	86	643	335						"Augenblicke8.jpg"	0	1200	1024	40	0	596	341	478	0	"Content"		603	335	52123324	376923751
52143	"15:38:49.268"	"00:00:52.143"	2614	641,44	334,94	0,72	0,48	613,34	3,31	0	636,61	347,28	0,45	0,49	611,67	3,08	0	86	639	341						"Augenblicke8.jpg"	0	1200	1024	40	0	596	341	478	0	"Content"		599	341	52143280	376943707
52163	"15:38:49.288"	"00:00:52.163"	2615	636,71	337,25	0,72	0,48	613,34	3,29	0	631,21	358,6	0,45	0,49	611,67	3,07	0	86	634	348						"Augenblicke8.jpg"	0	1200	1024	40	0	596	341	478	0	"Content"		594	348	52163202	376963629
52183	"15:38:49.308"	"00:00:52.183"	2616	636,73	354,39	0,72	0,48	613,34	3,31	0	634,66	353,06	0,45	0,49	611,67	3,08	0	86	636	354						"Augenblicke8.jpg"	0	1200	1024	40	0	596	341	478	0	"Content"		596	354	52183140	376983567
52203	"15:38:49.328"	"00:00:52.203"	2617	626,98	343,34	0,72	0,48	613,34	3,31	0	636,21	356,29	0,45	0,49	611,67	3,06	0	86	632	350						"Augenblicke8.jpg"	0	1200	1024	40	0	596	341	478	0	"Content"		592	350	52203167	377003594
52223	"15:38:49.348"	"00:00:52.223"	2618	634,31	354,16	0,72	0,48	613,34	3,29	0	640,51	358,45	0,45	0,49	611,67	3,05	0	86	637	356						"Augenblicke8.jpg"	0	1200	1024	40	0	596	341	478	0	"Content"		597	356	52223064	377023491
52243	"15:38:49.368"	"00:00:52.242"	2619	633,71	341,66	0,72	0,48	616,87	3,32	0	639,1	356,05	0,45	0,49	611,97	3,05	0	86	636	349						"Augenblicke8.jpg"	0	1200	1024	40	0	596	341	478	0	"Content"		596	349	52242905	377043332
52263	"15:38:49.388"	"00:00:52.262"	2620	637,84	330,27	0,72	0,48	616,87	3,3	0	638,14	356,26	0,45	0,49	611,97	3,07	0	86	638	343						"Augenblicke8.jpg"	0	1200	1024	40	0	596	341	478	0	"Content"		598	343	52262955	377063382
52283	"15:38:49.408"	"00:00:52.282"	2621	639,16	330,61	0,72	0,48	616,87	3,32	0	634,25	370,1	0,45	0,49	611,97	3,08	0	86	637	350						"Augenblicke8.jpg"	0	1200	1024	40	0	596	341	478	0	"Content"		597	350	52282776	377083203
52303	"15:38:49.428"	"00:00:52.302"	2622	642,72	339,26	0,72	0,48	616,87	3,27	0	639,12	360,95	0,45	0,49	611,97	3,08	0	86	641	350						"Augenblicke8.jpg"	0	1200	1024	40	0	596	341	478	0	"Content"		601	350	52302775	377103202
52323	"15:38:49.448"	"00:00:52.322"	2623	651,68	343,36	0,72	0,48	616,87	3,35	0	634,74	357,71	0,45	0,49	611,97	3,07	0	86	643	351						"Augenblicke8.jpg"	0	1200	1024	40	0	596	341	478	0	"Content"		603	351	52322681	377123108
52343	"15:38:49.468"	"00:00:52.342"	2624	649,98	351,44	0,72	0,48	615,46	3,33	0	633,74	359,91	0,45	0,49	613,03	3,08	0	86	642	356						"Augenblicke8.jpg"	0	1200	1024	40	0	596	341	478	0	"Content"		602	356	52342618	377143045
52362	"15:38:49.487"	"00:00:52.362"	2625	635,89	358,18	0,72	0,48	615,46	3,32	0	642,14	361,66	0,45	0,49	613,03	3,09	0	86	639	360						"Augenblicke8.jpg"	0	1200	1024	40	0	596	341	478	0	"Content"		599	360	52362494	377162921
52382	"15:38:49.507"	"00:00:52.382"	2626	649,94	335,99	0,72	0,48	615,46	3,31	0	643,19	366,58	0,45	0,49	613,03	3,05	0	87	647	351						"Augenblicke8.jpg"	0	1200	1024	40	0	631	380	658	0	"Content"		607	351	52382414	377182841
52402	"15:38:49.527"	"00:00:52.402"	2627	663,59	384,13	0,72	0,48	615,46	3,34	0	676,15	372,9	0,45	0,49	613,03	3,06	0	87	670	379						"Augenblicke8.jpg"	0	1200	1024	40	0	631	380	658	0	"Content"		630	379	52402388	377202815
52422	"15:38:49.547"	"00:00:52.422"	2628	668,87	373,46	0,72	0,48	615,46	3,3	0	666,11	375,54	0,45	0,49	613,03	3,1	0	87	667	375						"Augenblicke8.jpg"	0	1200	1024	40	0	631	380	658	0	"Content"		627	375	52422410	377222837
52442	"15:38:49.567"	"00:00:52.442"	2629	673,73	374,45	0,72	0,48	616,06	3,31	0	659,66	369,93	0,45	0,49	616,11	3,1	0	87	667	372						"Augenblicke8.jpg"	0	1200	1024	40	0	631	380	658	0	"Content"		627	372	52442227	377242654
52462	"15:38:49.587"	"00:00:52.462"	2630	668,61	362,77	0,72	0,48	616,06	3,35	0	671,43	382,64	0,45	0,49	616,11	3,07	0	87	670	373						"Augenblicke8.jpg"	0	1200	1024	40	0	631	380	658	0	"Content"		630	373	52462305	377262732
52482	"15:38:49.607"	"00:00:52.482"	2631	673,34	387,84	0,72	0,48	616,06	3,3	0	666,73	383,72	0,45	0,49	616,11	3,11	0	87	670	386						"Augenblicke8.jpg"	0	1200	1024	40	0	631	380	658	0	"Content"		630	386	52482107	377282534
52502	"15:38:49.627"	"00:00:52.502"	2632	675,76	376,05	0,71	0,48	616,06	3,28	0	670,73	383,5	0,45	0,49	616,11	3,13	0	87	673	380						"Augenblicke8.jpg"	0	1200	1024	40	0	631	380	658	0	"Content"		633	380	52502003	377302430
52522	"15:38:49.647"	"00:00:52.522"	2633	667,78	379	0,71	0,48	616,06	3,35	0	670,83	373,93	0,45	0,49	616,11	3,12	0	87	669	376						"Augenblicke8.jpg"	0	1200	1024	40	0	631	380	658	0	"Content"		629	376	52522025	377322452
52542	"15:38:49.667"	"00:00:52.541"	2634	670,09	380,5	0,71	0,48	616,16	3,32	0	668,18	372,69	0,45	0,49	616,44	3,13	0	87	669	377						"Augenblicke8.jpg"	0	1200	1024	40	0	631	380	658	0	"Content"		629	377	52541839	377342266
52562	"15:38:49.687"	"00:00:52.561"	2635	654,77	364,51	0,71	0,48	616,16	3,32	0	665,94	382,18	0,45	0,49	616,44	3,08	0	87	660	373						"Augenblicke8.jpg"	0	1200	1024	40	0	631	380	658	0	"Content"		620	373	52561858	377362285
52582	"15:38:49.707"	"00:00:52.581"	2636	662,22	357,87	0,71	0,48	616,16	3,33	0	665,36	387,29	0,45	0,49	616,44	3,12	0	87	664	373						"Augenblicke8.jpg"	0	1200	1024	40	0	631	380	658	0	"Content"		624	373	52581886	377382313
52602	"15:38:49.727"	"00:00:52.601"	2637	678,91	371,68	0,71	0,48	616,16	3,31	0	670,02	383,45	0,44	0,49	616,44	3,09	0	87	674	378						"Augenblicke8.jpg"	0	1200	1024	40	0	631	380	658	0	"Content"		634	378	52601728	377402155
52622	"15:38:49.747"	"00:00:52.621"	2638	675,26	369,76	0,71	0,48	616,16	3,31	0	660,03	384,81	0,44	0,49	616,44	3,11	0	87	668	377						"Augenblicke8.jpg"	0	1200	1024	40	0	631	380	658	0	"Content"		628	377	52621601	377422028
52642	"15:38:49.767"	"00:00:52.641"	2639	675,35	377,1	0,71	0,48	613,64	3,3	0	660,18	381,92	0,44	0,49	617,03	3,09	0	87	668	380						"Augenblicke8.jpg"	0	1200	1024	40	0	631	380	658	0	"Content"		628	380	52641576	377442003
52662	"15:38:49.787"	"00:00:52.661"	2640	667,65	373,36	0,71	0,48	613,64	3,28	0	654,64	380,82	0,44	0,49	617,03	3,08	0	87	661	377						"Augenblicke8.jpg"	0	1200	1024	40	0	631	380	658	0	"Content"		621	377	52661508	377461935
52681	"15:38:49.806"	"00:00:52.681"	2641	663,64	379,22	0,71	0,48	613,64	3,26	0	669,34	381,33	0,44	0,49	617,03	3,09	0	87	666	380						"Augenblicke8.jpg"	0	1200	1024	40	0	631	380	658	0	"Content"		626	380	52681482	377481909
52701	"15:38:49.826"	"00:00:52.701"	2642	674,68	382,72	0,71	0,48	613,64	3,26	0	655,64	379,01	0,44	0,49	617,03	3,08	0	87	665	381						"Augenblicke8.jpg"	0	1200	1024	40	0	631	380	658	0	"Content"		625	381	52701439	377501866
52721	"15:38:49.846"	"00:00:52.721"	2643	670,26	372,62	0,71	0,48	613,64	3,28	0	667,14	383,63	0,44	0,49	617,03	3,09	0	87	669	378						"Augenblicke8.jpg"	0	1200	1024	40	0	631	380	658	0	"Content"		629	378	52721374	377521801
52741	"15:38:49.866"	"00:00:52.741"	2644	670,96	374,72	0,71	0,48	614,3	3,28	0	660,99	383,29	0,44	0,49	616,94	3,09	0	87	666	379						"Augenblicke8.jpg"	0	1200	1024	40	0	631	380	658	0	"Content"		626	379	52741205	377541632
52761	"15:38:49.886"	"00:00:52.761"	2645	679,93	377,02	0,71	0,48	614,3	3,28	0	677,72	394,77	0,44	0,49	616,94	3,07	0	87	679	386						"Augenblicke8.jpg"	0	1200	1024	40	0	631	380	658	0	"Content"		639	386	52761084	377561511
52781	"15:38:49.906"	"00:00:52.781"	2646	690,05	389,87	0,71	0,48	614,3	3,26	0	673,44	411,95	0,44	0,49	616,94	3,02	0	87	682	401						"Augenblicke8.jpg"	0	1200	1024	40	0	631	380	658	0	"Content"		642	401	52781132	377581559
52801	"15:38:49.926"	"00:00:52.801"	2647	684,15	396,18	0,71	0,48	614,3	3,28	0	679,8	409,79	0,44	0,49	616,94	3,03	0	87	682	403						"Augenblicke8.jpg"	0	1200	1024	40	0	631	380	658	0	"Content"		642	403	52801072	377601499
52821	"15:38:49.946"	"00:00:52.820"	2648	695,54	395,69	0,71	0,48	614,3	3,25	0	686,4	409,42	0,44	0,49	616,94	3,09	0	87	691	403						"Augenblicke8.jpg"	0	1200	1024	40	0	631	380	658	0	"Content"		651	403	52820989	377621416
52841	"15:38:49.966"	"00:00:52.840"	2649	698,68	391,23	0,71	0,48	616,07	3,26	0	685,66	407,19	0,44	0,49	617,66	3,07	0	87	692	399						"Augenblicke8.jpg"	0	1200	1024	40	0	631	380	658	0	"Content"		652	399	52840910	377641337
52861	"15:38:49.986"	"00:00:52.860"	2650	689,25	394,81	0,71	0,48	616,07	3,28	0	688,68	398,49	0,44	0,49	617,66	3,09	0	87	689	397						"Augenblicke8.jpg"	0	1200	1024	40	0	631	380	658	0	"Content"		649	397	52860820	377661247
52881	"15:38:50.006"	"00:00:52.880"	2651	693,47	388,69	0,71	0,48	616,07	3,25	0	692,44	405,91	0,44	0,49	617,66	3,08	0	87	693	397						"Augenblicke8.jpg"	0	1200	1024	40	0	631	380	658	0	"Content"		653	397	52880731	377681158
52901	"15:38:50.026"	"00:00:52.900"	2652	690,8	392,45	0,71	0,48	616,07	3,29	0	684,45	393,5	0,44	0,49	617,66	3,08	0	87	688	393						"Augenblicke8.jpg"	0	1200	1024	40	0	631	380	658	0	"Content"		648	393	52900663	377701090
52921	"15:38:50.046"	"00:00:52.920"	2653	691,06	412,79	0,71	0,48	616,07	3,27	0	684,42	400,19	0,44	0,49	617,66	3,08	0	87	688	406						"Augenblicke8.jpg"	0	1200	1024	40	0	631	380	658	0	"Content"		648	406	52920712	377721139
52941	"15:38:50.066"	"00:00:52.940"	2654	691,03	410,89	0,71	0,48	616,58	3,26	0	685,05	398,9	0,44	0,49	618,53	3,09	0	87	688	405						"Augenblicke8.jpg"	0	1200	1024	40	0	631	380	658	0	"Content"		648	405	52940526	377740953
52961	"15:38:50.086"	"00:00:52.960"	2655	692,01	391,66	0,71	0,48	616,58	3,31	0	684,96	398,44	0,44	0,49	618,53	3,08	0	87	688	395						"Augenblicke8.jpg"	0	1200	1024	40	0	631	380	658	0	"Content"		648	395	52960551	377760978
52980	"15:38:50.105"	"00:00:52.980"	2656	682,94	401,79	0,71	0,48	616,58	3,28	0	694,23	398,14	0,44	0,49	618,53	3,11	0	87	689	400						"Augenblicke8.jpg"	0	1200	1024	40	0	631	380	658	0	"Content"		649	400	52980434	377780861
53000	"15:38:50.125"	"00:00:53.000"	2657	700,87	416,32	0,71	0,48	616,58	3,28	0	693,56	401,52	0,44	0,49	618,53	3,09	0	87	697	409						"Augenblicke8.jpg"	0	1200	1024	40	0	631	380	658	0	"Content"		657	409	53000297	377800724
53020	"15:38:50.145"	"00:00:53.020"	2658	701,9	399,2	0,71	0,48	616,58	3,28	0	690,67	406,84	0,44	0,49	618,53	3,05	0	87	696	403						"Augenblicke8.jpg"	0	1200	1024	40	0	631	380	658	0	"Content"		656	403	53020328	377820755
53040	"15:38:50.165"	"00:00:53.040"	2659	702,06	404,36	0,71	0,48	616,28	3,28	0	691,18	414,23	0,44	0,49	616,04	3,05	0	88	697	409						"Augenblicke8.jpg"	0	1200	1024	40	0	692	426	279	0	"Content"		657	409	53040158	377840585
53060	"15:38:50.185"	"00:00:53.060"	2660	741,11	437,02	0,71	0,48	616,28	3,28	0	739,29	416,9	0,44	0,49	616,04	3,09	0	88	740	427						"Augenblicke8.jpg"	0	1200	1024	40	0	692	426	279	0	"Content"		700	427	53060171	377860598
53080	"15:38:50.205"	"00:00:53.080"	2661	738,81	415,99	0,71	0,48	616,28	3,28	0	726,77	430,02	0,44	0,49	616,04	3,06	0	88	733	423						"Augenblicke8.jpg"	0	1200	1024	40	0	692	426	279	0	"Content"		693	423	53080187	377880614
53100	"15:38:50.225"	"00:00:53.100"	2662	738,12	414,13	0,71	0,48	616,28	3,27	0	726,16	427,97	0,44	0,49	616,04	3,07	0	88	732	421						"Augenblicke8.jpg"	0	1200	1024	40	0	692	426	279	0	"Content"		692	421	53100031	377900458
53120	"15:38:50.245"	"00:00:53.119"	2663	728,82	420,99	0,71	0,48	616,28	3,29	0	725,14	431,58	0,44	0,49	616,04	3,05	0	88	727	426						"Augenblicke8.jpg"	0	1200	1024	40	0	692	426	279	0	"Content"		687	426	53119937	377920364
53140	"15:38:50.265"	"00:00:53.139"	2664	729,9	425,88	0,71	0,48	614,58	3,27	0	724,99	431,3	0,44	0,49	616,02	3,06	0	88	727	429						"Augenblicke8.jpg"	0	1200	1024	40	0	692	426	279	0	"Content"		687	429	53139910	377940337
53160	"15:38:50.285"	"00:00:53.159"	2665	741,9	415,41	0,71	0,48	614,58	3,3	0	739,28	417,47	0,44	0,49	616,02	3,05	0	88	741	416						"Augenblicke8.jpg"	0	1200	1024	40	0	692	426	279	0	"Content"		701	416	53159782	377960209
53180	"15:38:50.305"	"00:00:53.179"	2666	740,98	421,41	0,71	0,48	614,58	3,25	0	745,82	421,16	0,44	0,49	616,02	3,05	0	88	743	421						"Augenblicke8.jpg"	0	1200	1024	40	0	692	426	279	0	"Content"		703	421	53179777	377980204
53200	"15:38:50.325"	"00:00:53.199"	2667	733,96	449,6	0,71	0,48	614,58	3,27	0	743,28	427,77	0,44	0,49	616,02	3,04	0	88	739	439						"Augenblicke8.jpg"	0	1200	1024	40	0	692	426	279	0	"Content"		699	439	53199642	378000069
53220	"15:38:50.345"	"00:00:53.219"	2668	726,92	454,81	0,71	0,48	614,58	3,31	0	734,09	427,15	0,44	0,49	616,02	3,08	0	88	731	441						"Augenblicke8.jpg"	0	1200	1024	40	0	692	426	279	0	"Content"		691	441	53219664	378020091
53240	"15:38:50.365"	"00:00:53.239"	2669	725,5	458,93	0,71	0,48	614,97	3,29	0	732,87	428,17	0,44	0,49	615,69	3,08	0	88	729	444						"Augenblicke8.jpg"	0	1200	1024	40	0	692	426	279	0	"Content"		689	444	53239514	378039941
53259	"15:38:50.384"	"00:00:53.259"	2670	735,27	425,78	0,71	0,48	614,97	3,3	0	717,28	425,51	0,44	0,49	615,69	3,03	0	88	726	426						"Augenblicke8.jpg"	0	1200	1024	40	0	692	426	279	0	"Content"		686	426	53259361	378059788
53279	"15:38:50.404"	"00:00:53.279"	2671	729,37	425,18	0,71	0,48	614,97	3,25	0	725,97	437,58	0,44	0,49	615,69	3,07	0	88	728	431						"Augenblicke8.jpg"	0	1200	1024	40	0	692	426	279	0	"Content"		688	431	53279440	378079867
53299	"15:38:50.424"	"00:00:53.299"	2672	735,91	424,02	0,71	0,48	614,97	3,31	0	734,29	426,36	0,44	0,49	615,69	3,08	0	88	735	425						"Augenblicke8.jpg"	0	1200	1024	40	0	692	426	279	0	"Content"		695	425	53299371	378099798
53319	"15:38:50.444"	"00:00:53.319"	2673	755,38	459,39	0,71	0,48	614,97	3,29	0	738,2	462,02	0,44	0,49	615,69	3,05	0	89	747	461						"Augenblicke8.jpg"	0	1200	1024	40	0	699	484	1435	0	"Content"		707	461	53319236	378119663
53339	"15:38:50.464"	"00:00:53.339"	2674	757,59	459,47	0,71	0,48	615,99	3,29	0	742,57	471,32	0,44	0,49	614,28	3,07	0	89	750	465						"Augenblicke8.jpg"	0	1200	1024	40	0	699	484	1435	0	"Content"		710	465	53339314	378139741
53359	"15:38:50.484"	"00:00:53.359"	2675	750,01	470,15	0,71	0,48	615,99	3,27	0	733,43	466,8	0,44	0,49	614,28	3,07	0	89	742	468						"Augenblicke8.jpg"	0	1200	1024	40	0	699	484	1435	0	"Content"		702	468	53359157	378159584
53379	"15:38:50.504"	"00:00:53.379"	2676	746,87	479,05	0,71	0,48	615,99	3,27	0	743,64	475,35	0,44	0,49	614,28	3,09	0	89	745	477						"Augenblicke8.jpg"	0	1200	1024	40	0	699	484	1435	0	"Content"		705	477	53379043	378179470
53399	"15:38:50.524"	"00:00:53.398"	2677	750,69	472,11	0,71	0,48	615,99	3,29	0	740,08	480,42	0,44	0,49	614,28	3,06	0	89	745	476						"Augenblicke8.jpg"	0	1200	1024	40	0	699	484	1435	0	"Content"		705	476	53398977	378199404
53419	"15:38:50.544"	"00:00:53.418"	2678	743,6	468,4	0,71	0,48	615,99	3,3	0	739,65	479,1	0,44	0,49	614,28	3,1	0	89	742	474						"Augenblicke8.jpg"	0	1200	1024	40	0	699	484	1435	0	"Content"		702	474	53418876	378219303
53439	"15:38:50.564"	"00:00:53.438"	2679	741,55	474,04	0,71	0,48	614,48	3,29	0	741,74	479,84	0,44	0,49	613,76	3,09	0	89	742	477						"Augenblicke8.jpg"	0	1200	1024	40	0	699	484	1435	0	"Content"		702	477	53438856	378239283
53459	"15:38:50.584"	"00:00:53.458"	2680	737,7	462,62	0,71	0,48	614,48	3,29	0	734,99	476,3	0,44	0,49	613,76	3,08	0	89	736	469						"Augenblicke8.jpg"	0	1200	1024	40	0	699	484	1435	0	"Content"		696	469	53458920	378259347
53479	"15:38:50.604"	"00:00:53.478"	2681	747,63	472,69	0,71	0,48	614,48	3,3	0	737,99	476,04	0,44	0,49	613,76	3,07	0	89	743	474						"Augenblicke8.jpg"	0	1200	1024	40	0	699	484	1435	0	"Content"		703	474	53478726	378279153
53499	"15:38:50.624"	"00:00:53.498"	2682	745,01	475,09	0,71	0,48	614,48	3,28	0	738,79	486,37	0,44	0,49	613,76	3,06	0	89	742	481						"Augenblicke8.jpg"	0	1200	1024	40	0	699	484	1435	0	"Content"		702	481	53498565	378298992
53519	"15:38:50.644"	"00:00:53.518"	2683	741,07	466,32	0,71	0,48	614,48	3,28	0	737,16	477,95	0,44	0,49	613,76	3,08	0	89	739	472						"Augenblicke8.jpg"	0	1200	1024	40	0	699	484	1435	0	"Content"		699	472	53518642	378319069
53538	"15:38:50.663"	"00:00:53.538"	2684	741,76	467,51	0,71	0,48	616,72	3,28	0	739,38	479,89	0,44	0,49	614,06	3,07	0	89	741	474						"Augenblicke8.jpg"	0	1200	1024	40	0	699	484	1435	0	"Content"		701	474	53538436	378338863
53558	"15:38:50.683"	"00:00:53.558"	2685	742,72	467,78	0,71	0,48	616,72	3,3	0	728,18	462,15	0,45	0,49	614,06	3,04	0	89	735	465						"Augenblicke8.jpg"	0	1200	1024	40	0	699	484	1435	0	"Content"		695	465	53558458	378358885
53578	"15:38:50.703"	"00:00:53.578"	2686	749,57	470,37	0,71	0,48	616,72	3,28	0	733,43	479,38	0,45	0,49	614,06	3,05	0	89	741	475						"Augenblicke8.jpg"	0	1200	1024	40	0	699	484	1435	0	"Content"		701	475	53578364	378378791
53598	"15:38:50.723"	"00:00:53.598"	2687	745,63	481,23	0,71	0,48	616,72	3,28	0	732,81	478,84	0,45	0,49	614,06	3,04	0	89	739	480						"Augenblicke8.jpg"	0	1200	1024	40	0	699	484	1435	0	"Content"		699	480	53598323	378398750
53618	"15:38:50.743"	"00:00:53.618"	2688	748,54	473,59	0,71	0,48	616,72	3,28	0	745,6	478,37	0,45	0,49	614,06	3,06	0	89	747	476						"Augenblicke8.jpg"	0	1200	1024	40	0	699	484	1435	0	"Content"		707	476	53618204	378418631
53638	"15:38:50.763"	"00:00:53.638"	2689	748,8	478,38	0,71	0,48	616,76	3,27	0	750,09	479,45	0,45	0,49	613,43	3,05	0	89	749	479						"Augenblicke8.jpg"	0	1200	1024	40	0	699	484	1435	0	"Content"		709	479	53638224	378438651
53658	"15:38:50.783"	"00:00:53.658"	2690	742,71	480,47	0,71	0,48	616,76	3,32	0	746,19	470,38	0,45	0,49	613,43	3,05	0	89	744	475						"Augenblicke8.jpg"	0	1200	1024	40	0	699	484	1435	0	"Content"		704	475	53658066	378458493
53678	"15:38:50.803"	"00:00:53.678"	2691	747,18	470,92	0,71	0,48	616,76	3,3	0	738,73	466,8	0,45	0,49	613,43	3,07	0	89	743	469						"Augenblicke8.jpg"	0	1200	1024	40	0	699	484	1435	0	"Content"		703	469	53678086	378478513
53698	"15:38:50.823"	"00:00:53.697"	2692	747,6	487,12	0,71	0,48	616,76	3,25	0	747,49	468,22	0,45	0,49	613,43	3,05	0	89	748	478						"Augenblicke8.jpg"	0	1200	1024	40	0	699	484	1435	0	"Content"		708	478	53697934	378498361
53718	"15:38:50.843"	"00:00:53.717"	2693	746,02	472,08	0,71	0,48	616,76	3,26	0	737,32	488,31	0,45	0,49	613,43	3,01	0	89	742	480						"Augenblicke8.jpg"	0	1200	1024	40	0	699	484	1435	0	"Content"		702	480	53717934	378518361
53738	"15:38:50.863"	"00:00:53.737"	2694	743,71	478,1	0,71	0,48	616,49	3,28	0	739,69	487,14	0,45	0,49	614,17	3,02	0	89	742	483						"Augenblicke8.jpg"	0	1200	1024	40	0	699	484	1435	0	"Content"		702	483	53737846	378538273
53758	"15:38:50.883"	"00:00:53.757"	2695	746,2	476,86	0,72	0,48	616,49	3,27	0	731,58	463,9	0,45	0,49	614,17	3,06	0	89	739	470						"Augenblicke8.jpg"	0	1200	1024	40	0	699	484	1435	0	"Content"		699	470	53757653	378558080
53778	"15:38:50.903"	"00:00:53.777"	2696	729,8	457,76	0,72	0,48	616,49	3,32	0	738,19	475,45	0,45	0,49	614,17	3,06	0	89	734	467						"Augenblicke8.jpg"	0	1200	1024	40	0	699	484	1435	0	"Content"		694	467	53777714	378578141
53798	"15:38:50.923"	"00:00:53.797"	2697	739,01	458,86	0,72	0,48	616,49	3,31	0	730,52	471,25	0,45	0,49	614,17	3,04	0	89	735	465						"Augenblicke8.jpg"	0	1200	1024	40	0	699	484	1435	0	"Content"		695	465	53797516	378597943
53818	"15:38:50.943"	"00:00:53.817"	2698	747,26	470,5	0,72	0,48	616,49	3,3	0	736,83	481,14	0,45	0,49	614,17	3,05	0	89	742	476						"Augenblicke8.jpg"	0	1200	1024	40	0	699	484	1435	0	"Content"		702	476	53817548	378617975
53838	"15:38:50.963"	"00:00:53.837"	2699	739,78	459,83	0,72	0,48	616,93	3,3	0	733,34	485,31	0,45	0,49	612,58	3,03	0	89	737	473						"Augenblicke8.jpg"	0	1200	1024	40	0	699	484	1435	0	"Content"		697	473	53837566	378637993
53857	"15:38:50.982"	"00:00:53.857"	2700	747,31	466,05	0,72	0,48	616,93	3,31	0	734,57	463,58	0,45	0,49	612,58	3,04	0	89	741	465						"Augenblicke8.jpg"	0	1200	1024	40	0	699	484	1435	0	"Content"		701	465	53857419	378657846
53877	"15:38:51.002"	"00:00:53.877"	2701	746,33	462,92	0,72	0,48	616,93	3,29	0	731,74	481,14	0,45	0,49	612,58	3,03	0	89	739	472						"Augenblicke8.jpg"	0	1200	1024	40	0	699	484	1435	0	"Content"		699	472	53877295	378677722
53897	"15:38:51.022"	"00:00:53.897"	2702	738,63	481,08	0,72	0,48	616,93	3,32	0	741,83	487,54	0,45	0,49	612,58	3,06	0	89	740	484						"Augenblicke8.jpg"	0	1200	1024	40	0	699	484	1435	0	"Content"		700	484	53897280	378697707
53917	"15:38:51.042"	"00:00:53.917"	2703	747,17	474,58	0,72	0,48	616,93	3,27	0	733,43	490,96	0,45	0,49	612,58	2,99	0	89	740	483						"Augenblicke8.jpg"	0	1200	1024	40	0	699	484	1435	0	"Content"		700	483	53917192	378717619
53937	"15:38:51.062"	"00:00:53.937"	2704	748,51	477,81	0,72	0,48	617,12	3,27	0	734,98	495,69	0,45	0,49	611,96	2,98	0	89	742	487						"Augenblicke8.jpg"	0	1200	1024	40	0	699	484	1435	0	"Content"		702	487	53937160	378737587
53957	"15:38:51.082"	"00:00:53.957"	2705	731,63	476,87	0,72	0,48	617,12	3,27	0	740,43	481,83	0,45	0,49	611,96	3,04	0	89	736	479						"Augenblicke8.jpg"	0	1200	1024	40	0	699	484	1435	0	"Content"		696	479	53957141	378757568
53977	"15:38:51.102"	"00:00:53.977"	2706	739,67	473	0,72	0,48	617,12	3,25	0	731,76	475,64	0,45	0,49	611,96	2,99	0	89	736	474						"Augenblicke8.jpg"	0	1200	1024	40	0	699	484	1435	0	"Content"		696	474	53977063	378777490
53997	"15:38:51.122"	"00:00:53.996"	2707	743,92	460,47	0,72	0,48	617,12	3,27	0	737,67	477,94	0,45	0,49	611,96	3	0	89	741	469						"Augenblicke8.jpg"	0	1200	1024	40	0	699	484	1435	0	"Content"		701	469	53996863	378797290
54017	"15:38:51.142"	"00:00:54.016"	2708	739,99	453,12	0,72	0,48	617,12	3,28	0	740,7	476,08	0,45	0,49	611,96	2,99	0	89	740	465						"Augenblicke8.jpg"	0	1200	1024	40	0	699	484	1435	0	"Content"		700	465	54016894	378817321
54037	"15:38:51.162"	"00:00:54.036"	2709	742,61	446,52	0,72	0,48	616,95	3,28	0	738,38	471,08	0,45	0,49	614,75	3,01	0	89	740	459						"Augenblicke8.jpg"	0	1200	1024	40	0	699	484	1435	0	"Content"		700	459	54036794	378837221
54057	"15:38:51.182"	"00:00:54.056"	2710	738,35	479,63	0,72	0,48	616,95	3,28	0	736,24	480,25	0,45	0,49	614,75	3,01	0	89	737	480						"Augenblicke8.jpg"	0	1200	1024	40	0	699	484	1435	0	"Content"		697	480	54056759	378857186
54077	"15:38:51.202"	"00:00:54.076"	2711	743,19	487,79	0,72	0,48	616,95	3,26	0	733,36	482,64	0,45	0,49	614,75	3,03	0	89	738	485						"Augenblicke8.jpg"	0	1200	1024	40	0	699	484	1435	0	"Content"		698	485	54076630	378877057
54097	"15:38:51.222"	"00:00:54.096"	2712	736,24	504,08	0,72	0,48	616,95	3,26	0	730,02	491,18	0,45	0,49	614,75	3,02	0	89	733	498						"Augenblicke8.jpg"	0	1200	1024	40	0	699	484	1435	0	"Content"		693	498	54096635	378897062
54117	"15:38:51.242"	"00:00:54.116"	2713	745,68	509,65	0,72	0,48	616,95	3,27	0	737,87	488,84	0,45	0,49	614,75	3,05	0	89	742	499						"Augenblicke8.jpg"	0	1200	1024	40	0	699	484	1435	0	"Content"		702	499	54116533	378916960
54136	"15:38:51.261"	"00:00:54.136"	2714	740,04	519,16	0,72	0,48	615,28	3,26	0	736,7	482,7	0,45	0,49	616,71	3,07	0	89	738	501						"Augenblicke8.jpg"	0	1200	1024	40	0	699	484	1435	0	"Content"		698	501	54136344	378936771
54156	"15:38:51.281"	"00:00:54.156"	2715	730,64	500,17	0,72	0,48	615,28	3,26	0	732,57	502,74	0,45	0,49	616,71	3,04	0	89	732	501						"Augenblicke8.jpg"	0	1200	1024	40	0	699	484	1435	0	"Content"		692	501	54156368	378956795
54176	"15:38:51.301"	"00:00:54.176"	2716	728,24	500,67	0,72	0,48	615,28	3,28	0	731,65	481,98	0,45	0,49	616,71	3,04	0	89	730	491						"Augenblicke8.jpg"	0	1200	1024	40	0	699	484	1435	0	"Content"		690	491	54176368	378976795
54196	"15:38:51.321"	"00:00:54.196"	2717	734,11	491,81	0,72	0,48	615,28	3,26	0	731,77	475,67	0,45	0,49	616,71	3,04	0	89	733	484						"Augenblicke8.jpg"	0	1200	1024	40	0	699	484	1435	0	"Content"		693	484	54196238	378996665
54216	"15:38:51.341"	"00:00:54.216"	2718	736,56	525,05	0,72	0,48	615,28	3,23	0	735,12	483,13	0,45	0,49	616,71	3,05	0	89	736	504						"Augenblicke8.jpg"	0	1200	1024	40	0	699	484	1435	0	"Content"		696	504	54216270	379016697
54236	"15:38:51.361"	"00:00:54.236"	2719	739,16	522,33	0,72	0,48	616,69	3,25	0	734,64	488,06	0,45	0,49	613,63	3,03	0	89	737	505						"Augenblicke8.jpg"	0	1200	1024	40	0	699	484	1435	0	"Content"		697	505	54236099	379036526
54256	"15:38:51.381"	"00:00:54.255"	2720	735,21	520,3	0,72	0,48	616,69	3,24	0	737,36	502,1	0,45	0,49	613,63	3,01	0	89	736	511						"Augenblicke8.jpg"	0	1200	1024	40	0	699	484	1435	0	"Content"		696	511	54255958	379056385
54276	"15:38:51.401"	"00:00:54.275"	2721	743,54	499,73	0,72	0,48	616,69	3,25	0	737,96	513,1	0,45	0,49	613,63	3,03	0	89	741	506						"Augenblicke8.jpg"	0	1200	1024	40	0	699	484	1435	0	"Content"		701	506	54275999	379076426
54296	"15:38:51.421"	"00:00:54.295"	2722	732,67	513,04	0,72	0,48	616,69	3,26	0	742,89	510,03	0,45	0,49	613,63	3,03	0	89	738	512						"Augenblicke8.jpg"	0	1200	1024	40	0	699	484	1435	0	"Content"		698	512	54295820	379096247
54316	"15:38:51.441"	"00:00:54.315"	2723	737,3	521,44	0,72	0,48	616,69	3,28	0	736,74	501,33	0,45	0,49	613,63	3,04	0	89	737	511						"Augenblicke8.jpg"	0	1200	1024	40	0	699	484	1435	0	"Content"		697	511	54315865	379116292
54336	"15:38:51.461"	"00:00:54.335"	2724	737,65	517,29	0,72	0,48	615,25	3,28	0	737,73	506,17	0,45	0,49	613,53	3,05	0	89	738	512						"Augenblicke8.jpg"	0	1200	1024	40	0	699	484	1435	0	"Content"		698	512	54335887	379136314
54356	"15:38:51.481"	"00:00:54.355"	2725	729,66	515,02	0,72	0,48	615,25	3,29	0	736,02	505,15	0,45	0,49	613,53	3,06	0	89	733	510						"Augenblicke8.jpg"	0	1200	1024	40	0	699	484	1435	0	"Content"		693	510	54355710	379156137
54376	"15:38:51.501"	"00:00:54.375"	2726	748,49	492,95	0,72	0,48	615,25	3,26	0	727,56	521,46	0,45	0,49	613,53	3,03	0	89	738	507						"Augenblicke8.jpg"	0	1200	1024	40	0	699	484	1435	0	"Content"		698	507	54375614	379176041
54396	"15:38:51.521"	"00:00:54.395"	2727	743,94	511,42	0,72	0,48	615,25	3,29	0	735,53	516,96	0,45	0,49	613,53	3,02	0	89	740	514						"Augenblicke8.jpg"	0	1200	1024	40	0	699	484	1435	0	"Content"		700	514	54395578	379196005
54415	"15:38:51.540"	"00:00:54.415"	2728	737,02	528,18	0,72	0,48	615,25	3,25	0	735,07	508	0,45	0,49	613,53	3,01	0	89	736	518						"Augenblicke8.jpg"	0	1200	1024	40	0	699	484	1435	0	"Content"		696	518	54415479	379215906
54435	"15:38:51.560"	"00:00:54.435"	2729	741,74	521,68	0,72	0,48	615,99	3,26	0	735,61	510,01	0,45	0,49	615,74	3,01	0	89	739	516						"Augenblicke8.jpg"	0	1200	1024	40	0	699	484	1435	0	"Content"		699	516	54435432	379235859
54455	"15:38:51.580"	"00:00:54.455"	2730	740,1	522,1	0,72	0,48	615,99	3,3	0	733,67	506,33	0,45	0,49	615,74	3,07	0	89	737	514						"Augenblicke8.jpg"	0	1200	1024	40	0	699	484	1435	0	"Content"		697	514	54455326	379255753
54475	"15:38:51.600"	"00:00:54.475"	2731	727,25	508,49	0,72	0,48	615,99	3,32	0	742,43	512,17	0,45	0,49	615,74	3,04	0	89	735	510						"Augenblicke8.jpg"	0	1200	1024	40	0	699	484	1435	0	"Content"		695	510	54475355	379275782
54495	"15:38:51.620"	"00:00:54.495"	2732	734,72	531,83	0,72	0,48	615,99	3,33	0	744,71	524,35	0,45	0,49	615,74	3,05	0	89	740	528						"Augenblicke8.jpg"	0	1200	1024	40	0	699	484	1435	0	"Content"		700	528	54495168	379295595
54515	"15:38:51.640"	"00:00:54.515"	2733	735,53	517,78	0,72	0,48	615,99	3,3	0	737,15	527,41	0,45	0,49	615,74	3,07	0	89	736	523						"Augenblicke8.jpg"	0	1200	1024	40	0	699	484	1435	0	"Content"		696	523	54515183	379315610
54535	"15:38:51.660"	"00:00:54.535"	2734	733,46	522,18	0,72	0,48	613,06	3,3	0	743,5	533,16	0,45	0,49	614,67	3,05	0	89	738	528						"Augenblicke8.jpg"	0	1200	1024	40	0	699	484	1435	0	"Content"		698	528	54535102	379335529
54555	"15:38:51.680"	"00:00:54.555"	2735	732,66	533,25	0,72	0,48	613,06	3,26	0	744,72	512,29	0,45	0,49	614,67	3,06	0	89	739	523						"Augenblicke8.jpg"	0	1200	1024	40	0	699	484	1435	0	"Content"		699	523	54555060	379355487
54575	"15:38:51.700"	"00:00:54.574"	2736	733,47	514,75	0,72	0,48	613,06	3,31	0	746,42	521,61	0,45	0,49	614,67	3,07	0	89	740	518						"Augenblicke8.jpg"	0	1200	1024	40	0	699	484	1435	0	"Content"		700	518	54574965	379375392
54595	"15:38:51.720"	"00:00:54.594"	2737	725,26	550,64	0,72	0,48	613,06	3,28	0	749,82	498,79	0,45	0,49	614,67	3,05	0	89	738	525						"Augenblicke8.jpg"	0	1200	1024	40	0	699	484	1435	0	"Content"		698	525	54594920	379395347
54615	"15:38:51.740"	"00:00:54.614"	2738	732,84	527,54	0,72	0,48	613,06	3,3	0	753,39	522,95	0,45	0,49	614,67	3,1	0	89	743	525						"Augenblicke8.jpg"	0	1200	1024	40	0	699	484	1435	0	"Content"		703	525	54614776	379415203
54635	"15:38:51.760"	"00:00:54.634"	2739	732,96	519,77	0,72	0,48	616,55	3,3	0	751,85	518,6	0,45	0,49	613,17	3,09	0	89	742	519						"Augenblicke8.jpg"	0	1200	1024	40	0	699	484	1435	0	"Content"		702	519	54634664	379435091
54655	"15:38:51.780"	"00:00:54.654"	2740	743,31	532,26	0,72	0,48	616,55	3,31	0	731,58	534,76	0,45	0,49	613,17	3,04	0	89	737	534						"Augenblicke8.jpg"	0	1200	1024	40	0	699	484	1435	0	"Content"		697	534	54654672	379455099
54675	"15:38:51.800"	"00:00:54.674"	2741	742,62	544,48	0,72	0,48	616,55	3,29	0	739,47	516,66	0,45	0,49	613,17	3,05	0	89	741	531						"Augenblicke8.jpg"	0	1200	1024	40	0	699	484	1435	0	"Content"		701	531	54674570	379474997
54695	"15:38:51.820"	"00:00:54.694"	2742	733,36	509,3	0,72	0,48	616,55	3,28	0	740,76	528,47	0,45	0,49	613,17	3,05	0	89	737	519						"Augenblicke8.jpg"	0	1200	1024	40	0	699	484	1435	0	"Content"		697	519	54694509	379494936
54715	"15:38:51.840"	"00:00:54.714"	2743	738,95	531,64	0,72	0,48	616,55	3,3	0	733,7	524,53	0,45	0,49	613,17	3,03	0	89	736	528						"Augenblicke8.jpg"	0	1200	1024	40	0	699	484	1435	0	"Content"		696	528	54714535	379514962
54734	"15:38:51.859"	"00:00:54.734"	2744	737,59	528,32	0,72	0,48	616,91	3,3	0	736,22	519,71	0,45	0,5	612,12	3,03	0	89	737	524						"Augenblicke8.jpg"	0	1200	1024	40	0	699	484	1435	0	"Content"		697	524	54734449	379534876
54754	"15:38:51.879"	"00:00:54.754"	2745	747,9	558,64	0,72	0,48	616,91	3,3	0	741,52	547,93	0,45	0,5	612,12	3,04	0	90	745	553						"Augenblicke8.jpg"	0	1200	1024	40	0	700	583	578	0	"Content"		705	553	54754250	379554677
54774	"15:38:51.899"	"00:00:54.774"	2746	753,95	580,6	0,72	0,48	616,91	3,29	0	755,36	561,27	0,45	0,5	612,12	3,05	0	90	755	571						"Augenblicke8.jpg"	0	1200	1024	40	0	700	583	578	0	"Content"		715	571	54774311	379574738
54794	"15:38:51.919"	"00:00:54.794"	2747	749,53	543,79	0,72	0,48	616,91	3,3	0	740,51	586,2	0,45	0,5	612,12	3,04	0	90	745	565						"Augenblicke8.jpg"	0	1200	1024	40	0	700	583	578	0	"Content"		705	565	54794116	379594543
54814	"15:38:51.939"	"00:00:54.814"	2748	749,73	582,92	0,72	0,48	616,91	3,28	0	757,06	561,54	0,45	0,5	612,12	3,09	0	90	753	572						"Augenblicke8.jpg"	0	1200	1024	40	0	700	583	578	0	"Content"		713	572	54814149	379614576
54834	"15:38:51.959"	"00:00:54.834"	2749	747,15	574,06	0,72	0,48	615,68	3,27	0	760,29	564,27	0,45	0,5	615,18	3,11	0	90	754	569						"Augenblicke8.jpg"	0	1200	1024	40	0	700	583	578	0	"Content"		714	569	54834172	379634599
54854	"15:38:51.979"	"00:00:54.854"	2750	748,22	570,61	0,72	0,48	615,68	3,32	0	742,87	575,6	0,45	0,5	615,18	3,07	0	90	746	573						"Augenblicke8.jpg"	0	1200	1024	40	0	700	583	578	0	"Content"		706	573	54854008	379654435
54874	"15:38:51.999"	"00:00:54.873"	2751	738,87	566,28	0,72	0,48	615,68	3,29	0	760,67	572,16	0,45	0,5	615,18	3,08	0	90	750	569						"Augenblicke8.jpg"	0	1200	1024	40	0	700	583	578	0	"Content"		710	569	54873915	379674342
54894	"15:38:52.019"	"00:00:54.893"	2752	736,27	570,24	0,72	0,48	615,68	3,29	0	762,32	576,98	0,45	0,5	615,18	3,05	0	90	749	574						"Augenblicke8.jpg"	0	1200	1024	40	0	700	583	578	0	"Content"		709	574	54893900	379694327
54914	"15:38:52.039"	"00:00:54.913"	2753	743,1	585,17	0,72	0,48	615,68	3,3	0	757,92	576,34	0,45	0,5	615,18	3,04	0	90	751	581						"Augenblicke8.jpg"	0	1200	1024	40	0	700	583	578	0	"Content"		711	581	54913786	379714213
54934	"15:38:52.059"	"00:00:54.933"	2754	741,33	587,19	0,72	0,48	614,42	3,29	0	756,52	577,93	0,45	0,5	614,06	3,03	0	90	749	583						"Augenblicke8.jpg"	0	1200	1024	40	0	700	583	578	0	"Content"		709	583	54933764	379734191
54954	"15:38:52.079"	"00:00:54.953"	2755	741,92	564,67	0,72	0,48	614,42	3,32	0	750,62	553,13	0,45	0,5	614,06	3,07	0	90	746	559						"Augenblicke8.jpg"	0	1200	1024	40	0	700	583	578	0	"Content"		706	559	54953616	379754043
54974	"15:38:52.099"	"00:00:54.973"	2756	742,67	560,06	0,72	0,48	614,42	3,28	0	751,01	560,42	0,45	0,5	614,06	3,08	0	90	747	560						"Augenblicke8.jpg"	0	1200	1024	40	0	700	583	578	0	"Content"		707	560	54973659	379774086
54993	"15:38:52.118"	"00:00:54.993"	2757	730,92	574,99	0,72	0,48	614,42	3,28	0	735,76	570,91	0,45	0,5	614,06	3,03	0	90	733	573						"Augenblicke8.jpg"	0	1200	1024	40	0	700	583	578	0	"Content"		693	573	54993459	379793886
55013	"15:38:52.138"	"00:00:55.013"	2758	748,91	580,54	0,72	0,48	614,42	3,26	0	749,98	589,11	0,45	0,5	614,06	3,02	0	90	749	585						"Augenblicke8.jpg"	0	1200	1024	40	0	700	583	578	0	"Content"		709	585	55013492	379813919
55033	"15:38:52.158"	"00:00:55.033"	2759	748,28	581,88	0,72	0,48	614,99	3,26	0	740,34	600,01	0,45	0,5	613,14	3,01	0	90	744	591						"Augenblicke8.jpg"	0	1200	1024	40	0	700	583	578	0	"Content"		704	591	55033392	379833819
55053	"15:38:52.178"	"00:00:55.053"	2760	741,54	596,99	0,72	0,48	614,99	3,28	0	734,55	567,83	0,45	0,5	613,14	3,04	0	90	738	582						"Augenblicke8.jpg"	0	1200	1024	40	0	700	583	578	0	"Content"		698	582	55053332	379853759
55073	"15:38:52.198"	"00:00:55.073"	2761	730,96	591,23	0,72	0,48	614,99	3,27	0	732,58	591,08	0,45	0,5	613,14	3	0	90	732	591						"Augenblicke8.jpg"	0	1200	1024	40	0	700	583	578	0	"Content"		692	591	55073272	379873699
55093	"15:38:52.218"	"00:00:55.093"	2762	734,59	601,73	0,72	0,49	614,99	3,26	0	734,78	607,82	0,45	0,5	613,14	3,03	0	90	735	605						"Augenblicke8.jpg"	0	1200	1024	40	0	700	583	578	0	"Content"		695	605	55093222	379893649
55113	"15:38:52.238"	"00:00:55.113"	2763	740,39	583,14	0,72	0,49	614,99	3,24	0	727,57	608,27	0,45	0,5	613,14	2,98	0	90	734	596						"Augenblicke8.jpg"	0	1200	1024	40	0	700	583	578	0	"Content"		694	596	55113098	379913525
55133	"15:38:52.258"	"00:00:55.133"	2764	740,3	583,64	0,72	0,48	615,12	3,23	0	727,64	608,33	0,45	0,5	613,33	2,99	0	90	734	596						"Augenblicke8.jpg"	0	1200	1024	40	0	700	583	578	0	"Content"		694	596	55133038	379933465
55153	"15:38:52.278"	"00:00:55.152"	2765	731,38	605,76	0,72	0,48	615,12	3,21	0	738,8	578,4	0,45	0,5	613,33	3,02	0	90	735	592						"Augenblicke8.jpg"	0	1200	1024	40	0	700	583	578	0	"Content"		695	592	55152967	379953394
55173	"15:38:52.298"	"00:00:55.172"	2766	742,01	598,99	0,72	0,48	615,12	3,26	0	739,19	572,6	0,45	0,5	613,33	3,03	0	90	741	586						"Augenblicke8.jpg"	0	1200	1024	40	0	700	583	578	0	"Content"		701	586	55172900	379973327
55193	"15:38:52.318"	"00:00:55.192"	2767	739,2	596,82	0,72	0,48	615,12	3,23	0	739,6	572,87	0,45	0,5	613,33	2,97	0	90	739	585						"Augenblicke8.jpg"	0	1200	1024	40	0	700	583	578	0	"Content"		699	585	55192804	379993231
55213	"15:38:52.338"	"00:00:55.212"	2768	733,83	575,91	0,72	0,48	615,12	3,18	0	723,44	590,39	0,45	0,5	613,33	3	0	90	729	583						"Augenblicke8.jpg"	0	1200	1024	40	0	700	583	578	0	"Content"		689	583	55212835	380013262
55233	"15:38:52.358"	"00:00:55.232"	2769	732,21	569,29	0,72	0,49	615,39	3,2	0	721,69	588,66	0,45	0,5	612,9	2,99	0	90	727	579						"Augenblicke8.jpg"	0	1200	1024	40	0	700	583	578	0	"Content"		687	579	55232702	380033129
55253	"15:38:52.378"	"00:00:55.252"	2770	725,51	611,36	0,72	0,49	615,39	3,27	0	735,27	604,98	0,45	0,5	612,9	3	0	90	730	608						"Augenblicke8.jpg"	0	1200	1024	40	0	700	583	578	0	"Content"		690	608	55252558	380052985
55273	"15:38:52.398"	"00:00:55.272"	2771	725,93	620,58	0,72	0,49	615,39	3,26	0	752,01	577,03	0,45	0,5	612,9	2,99	0	90	739	599						"Augenblicke8.jpg"	0	1200	1024	40	0	700	583	578	0	"Content"		699	599	55272594	380073021
55292	"15:38:52.417"	"00:00:55.292"	2772	729,86	603,57	0,72	0,49	615,39	3,24	0	732,18	573,19	0,45	0,5	612,9	3,01	0	90	731	588						"Augenblicke8.jpg"	0	1200	1024	40	0	700	583	578	0	"Content"		691	588	55292417	380092844
55312	"15:38:52.437"	"00:00:55.312"	2773	734,78	599,84	0,72	0,49	615,39	3,21	0	736,19	579,13	0,45	0,5	612,9	2,99	0	90	735	589						"Augenblicke8.jpg"	0	1200	1024	40	0	700	583	578	0	"Content"		695	589	55312443	380112870
55332	"15:38:52.457"	"00:00:55.332"	2774	735,37	596,7	0,72	0,49	615,45	3,19	0	739,5	577,79	0,45	0,5	613,36	3	0	91	737	587						"Augenblicke8.jpg"	0	1200	1024	40	0	698	630	678	0	"Content"		697	587	55332344	380132771
55352	"15:38:52.477"	"00:00:55.352"	2775	743,82	648,58	0,72	0,49	615,45	3,25	0	748,3	605,46	0,45	0,5	613,36	2,97	0	91	746	627						"Augenblicke8.jpg"	0	1200	1024	40	0	698	630	678	0	"Content"		706	627	55352308	380152735
55372	"15:38:52.497"	"00:00:55.372"	2776	739,09	618,4	0,72	0,49	615,45	3,25	0	738,66	627,17	0,45	0,5	613,36	3,01	0	91	739	623						"Augenblicke8.jpg"	0	1200	1024	40	0	698	630	678	0	"Content"		699	623	55372238	380172665
55392	"15:38:52.517"	"00:00:55.392"	2777	736,09	638,55	0,72	0,49	615,45	3,2	0	733,92	624	0,45	0,5	613,36	3,02	0	91	735	631						"Augenblicke8.jpg"	0	1200	1024	40	0	698	630	678	0	"Content"		695	631	55392161	380192588
55412	"15:38:52.537"	"00:00:55.412"	2778	738,12	638,55	0,72	0,49	615,45	3,21	0	746,52	614,15	0,45	0,5	613,36	2,99	0	91	742	626						"Augenblicke8.jpg"	0	1200	1024	40	0	698	630	678	0	"Content"		702	626	55412100	380212527
55432	"15:38:52.557"	"00:00:55.432"	2779	737,31	638,66	0,72	0,49	615,57	3,22	0	742,31	626,12	0,45	0,5	613,02	2,99	0	91	740	632						"Augenblicke8.jpg"	0	1200	1024	40	0	698	630	678	0	"Content"		700	632	55432088	380232515
55452	"15:38:52.577"	"00:00:55.451"	2780	737,83	640,95	0,72	0,49	615,57	3,22	0	736,56	619,38	0,45	0,5	613,02	3	0	91	737	630						"Augenblicke8.jpg"	0	1200	1024	40	0	698	630	678	0	"Content"		697	630	55451922	380252349
55472	"15:38:52.597"	"00:00:55.471"	2781	727,75	648,37	0,72	0,49	615,57	3,25	0	742,84	613,69	0,45	0,5	613,02	2,95	0	91	735	631						"Augenblicke8.jpg"	0	1200	1024	40	0	698	630	678	0	"Content"		695	631	55471980	380272407
55492	"15:38:52.617"	"00:00:55.491"	2782	739,27	633,77	0,72	0,49	615,57	3,26	0	738,92	627,71	0,45	0,5	613,02	2,99	0	91	739	631						"Augenblicke8.jpg"	0	1200	1024	40	0	698	630	678	0	"Content"		699	631	55491788	380292215
55512	"15:38:52.637"	"00:00:55.511"	2783	735,54	635,46	0,72	0,49	615,57	3,23	0	739,87	626,5	0,45	0,5	613,02	2,98	0	91	738	631						"Augenblicke8.jpg"	0	1200	1024	40	0	698	630	678	0	"Content"		698	631	55511688	380312115
55532	"15:38:52.657"	"00:00:55.531"	2784	733,45	632,63	0,72	0,49	617,1	3,25	0	739,09	630,27	0,45	0,5	611,74	2,95	0	91	736	631						"Augenblicke8.jpg"	0	1200	1024	40	0	698	630	678	0	"Content"		696	631	55531738	380332165
55552	"15:38:52.677"	"00:00:55.551"	2785	735,14	623,85	0,72	0,49	617,1	3,27	0	743,98	622,24	0,45	0,5	611,74	3,02	0	91	740	623						"Augenblicke8.jpg"	0	1200	1024	40	0	698	630	678	0	"Content"		700	623	55551530	380351957
55572	"15:38:52.697"	"00:00:55.571"	2786	740,77	623,91	0,72	0,49	617,1	3,24	0	742,49	617,92	0,45	0,5	611,74	2,98	0	91	742	621						"Augenblicke8.jpg"	0	1200	1024	40	0	698	630	678	0	"Content"		702	621	55571656	380372083
55592	"15:38:52.717"	"00:00:55.591"	2787	740,82	635,17	0,72	0,49	617,1	3,23	0	744,73	609,66	0,45	0,5	611,74	2,96	0	91	743	622						"Augenblicke8.jpg"	0	1200	1024	40	0	698	630	678	0	"Content"		703	622	55591517	380391944
55611	"15:38:52.736"	"00:00:55.611"	2788	743,05	624,17	0,72	0,49	617,1	3,19	0	741,62	659,72	0,45	0,5	611,74	3,05	0	91	742	642						"Augenblicke8.jpg"	0	1200	1024	40	0	698	630	678	0	"Content"		702	642	55611400	380411827
55631	"15:38:52.756"	"00:00:55.631"	2789	743,26	628,74	0,72	0,49	616,13	3,17	0	741,92	656,85	0,45	0,5	612,83	3,04	0	91	743	643						"Augenblicke8.jpg"	0	1200	1024	40	0	698	630	678	0	"Content"		703	643	55631280	380431707
55651	"15:38:52.776"	"00:00:55.651"	2790	739,89	624,21	0,72	0,49	616,13	3,22	0	741,25	656,69	0,45	0,5	612,83	2,98	0	91	741	640						"Augenblicke8.jpg"	0	1200	1024	40	0	698	630	678	0	"Content"		701	640	55651281	380451708
55671	"15:38:52.796"	"00:00:55.671"	2791	736,65	630,24	0,72	0,49	616,13	3,2	0	740,01	636,18	0,45	0,5	612,83	3,01	0	91	738	633						"Augenblicke8.jpg"	0	1200	1024	40	0	698	630	678	0	"Content"		698	633	55671197	380471624
55691	"15:38:52.816"	"00:00:55.691"	2792	724,12	638,04	0,72	0,49	616,13	3,27	0	741,64	624,69	0,45	0,5	612,83	2,98	0	91	733	631						"Augenblicke8.jpg"	0	1200	1024	40	0	698	630	678	0	"Content"		693	631	55691130	380491557
55711	"15:38:52.836"	"00:00:55.711"	2793	734,74	637,17	0,72	0,49	616,13	3,2	0	750,81	640,6	0,45	0,5	612,83	2,98	0	91	743	639						"Augenblicke8.jpg"	0	1200	1024	40	0	698	630	678	0	"Content"		703	639	55711131	380511558
55731	"15:38:52.856"	"00:00:55.731"	2794	729,49	637,08	0,72	0,49	615,89	3,22	0	750,88	639,52	0,45	0,5	611,82	2,97	0	91	740	638						"Augenblicke8.jpg"	0	1200	1024	40	0	698	630	678	0	"Content"		700	638	55731077	380531504
55851	"15:38:52.976"	"00:00:55.850"	2800	725,94	639,3	0,72	0,49	615,89	3,22	0	717,39	646,54	0,45	0,5	611,82	2,97	0	91	722	643						"Augenblicke8.jpg"	0	1200	1024	40	0	698	630	678	0	"Content"		682	643	55850602	380651029
