Timestamp	DateTimeStamp	DateTimeStampStartOffset	Number	GazePointXLeft	GazePointYLeft	CamXLeft	CamYLeft	DistanceLeft	PupilLeft	ValidityLeft	GazePointXRight	GazePointYRight	CamXRight	CamYRight	DistanceRight	PupilRight	ValidityRight	FixationIndex	GazePointX	GazePointY	Event	EventKey	Data1	Data2	Descriptor	StimuliName	StimuliID	MediaWidth	MediaHeight	MediaPosX	MediaPosY	MappedFixationPointX	MappedFixationPointY	FixationDuration	AoiIds	AoiNames	WebGroupImage	MappedGazeDataPointX	MappedGazeDataPointY	MicroSecondTimestamp	AbsoluteMicroSecondTimestamp	
1	15:00:14.438	00:00:00.001	0	408,1478	532,7814	0,7187464	0,3879016	657,7838	3,712476	0	434,6056	515,4943	0,4454535	0,3764359	649,6001	3,785286	0	0	421	524						No media	0	1280	1024	0	0	456	532	2593	0	Content		421	524	1489	5652284974	
21	15:00:14.458	00:00:00.021	1	401,5336	544,8035	0,7185134	0,3878774	657,7838	3,709932	0	431,6588	517,4662	0,4451126	0,3764674	649,6001	3,756252	0	0	417	531						No media	0	1280	1024	0	0	456	532	2593	0	Content		417	531	21470	5652304955	
41	15:00:14.478	00:00:00.041	2	419,985	564,8956	0,7181995	0,3880347	657,7838	3,676887	0	427,8416	492,9289	0,4449868	0,3768236	649,6001	3,735343	0	0	424	529						No media	0	1280	1024	0	0	456	532	2593	0	Content		424	529	41491	5652324976	
61	15:00:14.498	00:00:00.061	3	416,9351	563,5625	0,7180966	0,3885906	657,151	3,718746	0	439,7784	511,5739	0,4448478	0,3773567	647,3044	3,701758	0	0	428	538						No media	0	1280	1024	0	0	456	532	2593	0	Content		428	538	61330	5652344815	
81	15:00:14.518	00:00:00.081	4	411,2675	561,271	0,718056	0,3889432	657,151	3,674539	0	447,1362	513,6054	0,4449129	0,3776427	647,3044	3,809507	0	0	429	537						No media	0	1280	1024	0	0	456	532	2593	0	Content		429	537	81222	5652364707	
121	15:00:14.558	00:00:00.121	5	416,2501	581,2571	0,7181534	0,3890239	657,151	3,770397	0	430,8315	524,4177	0,4450547	0,3774681	647,3044	3,777899	0	0	424	553						No media	0	1280	1024	0	0	456	532	2593	0	Content		424	553	121083	5652404568	
141	15:00:14.578	00:00:00.141	6	402,2255	543,8973	0,7183367	0,3888456	657,151	3,672023	0	422,5312	502,1742	0,4451746	0,3772671	647,3044	3,742386	0	0	412	523						No media	0	1280	1024	0	0	456	532	2593	0	Content		412	523	141092	5652424577	
161	15:00:14.598	00:00:00.160	7	407,464	551,4295	0,7185907	0,38837	657,151	3,72969	0	421,9588	534,0709	0,445476	0,3765537	647,3044	3,780521	0	0	415	543						No media	0	1280	1024	0	0	456	532	2593	0	Content		415	543	160970	5652444455	
181	15:00:14.618	00:00:00.180	8	410,384	550,2013	0,7188646	0,3881983	657,7741	3,761064	0	421,4398	524,8809	0,4458035	0,3762636	650,3243	3,786537	0	0	416	538						No media	0	1280	1024	0	0	456	532	2593	0	Content		416	538	180965	5652464450	
183	15:00:14.620																				ImageStart	8	0	0	Augenblicke.jpg																	
201	15:00:14.638	00:00:00.200	9	425,0638	574,0437	0,7191673	0,3882654	657,7741	3,733925	0	419,2247	487,5262	0,4460721	0,3763242	650,3243	3,841186	0	0	422	531						Augenblicke.jpg	0	1200	1024	40	0	416	532	2593	0	Content		382	531	200809	5652484294	
221	15:00:14.658	00:00:00.220	10	419,0557	541,6605	0,7194263	0,3888664	657,7741	3,759392	0	440,0131	525,104	0,4464208	0,3765612	650,3243	3,846073	0	0	430	533						Augenblicke.jpg	0	1200	1024	40	0	416	532	2593	0	Content		390	533	220825	5652504310	
241	15:00:14.678	00:00:00.240	11	414,3206	544,0967	0,7195954	0,3894475	657,7741	3,743747	0	423,856	528,434	0,4465417	0,3773303	650,3243	3,858632	0	0	419	536						Augenblicke.jpg	0	1200	1024	40	0	416	532	2593	0	Content		379	536	240668	5652524153	
261	15:00:14.698	00:00:00.260	12	414,4384	558,0185	0,7196324	0,3899585	657,7741	3,702326	0	419,178	515,7455	0,4465858	0,3778461	650,3243	3,811235	0	0	417	537						Augenblicke.jpg	0	1200	1024	40	0	416	532	2593	0	Content		377	537	260675	5652544160	
281	15:00:14.718	00:00:00.280	13	413,1366	541,4053	0,7196619	0,3902364	657,8023	3,708669	0	423,7468	513,1871	0,446626	0,3782422	650,5157	3,815407	0	0	418	527						Augenblicke.jpg	0	1200	1024	40	0	416	532	2593	0	Content		378	527	280570	5652564055	
301	15:00:14.738	00:00:00.300	14	432,9729	580,8314	0,7195613	0,3899799	657,8023	3,806023	0	423,8867	534,3772	0,446509	0,3783009	650,5157	3,867124	0	0	428	558						Augenblicke.jpg	0	1200	1024	40	0	416	532	2593	0	Content		388	558	300572	5652584057	
320	15:00:14.757	00:00:00.320	15	404,7026	541,3782	0,7194736	0,3897635	657,8023	3,683281	0	439,0206	518,8908	0,446437	0,3778155	650,5157	3,886811	0	0	422	530						Augenblicke.jpg	0	1200	1024	40	0	416	532	2593	0	Content		382	530	320432	5652603917	
340	15:00:14.777	00:00:00.340	16	425,792	584,4089	0,7195124	0,3889599	657,8023	3,77006	0	421,0505	526,3011	0,4464734	0,3773583	650,5157	3,850313	0	0	423	555						Augenblicke.jpg	0	1200	1024	40	0	416	532	2593	0	Content		383	555	340406	5652623891	
360	15:00:14.797	00:00:00.360	17	421,0378	559,1039	0,7196563	0,3886772	657,8023	3,730763	0	421,6931	510,4005	0,4465434	0,376652	650,5157	3,737681	0	0	421	535						Augenblicke.jpg	0	1200	1024	40	0	416	532	2593	0	Content		381	535	360280	5652643765	
380	15:00:14.817	00:00:00.380	18	422,4351	550,6243	0,7200127	0,3884345	656,636	3,76905	0	421,4884	515,5089	0,4469177	0,3764637	648,0369	3,713896	0	0	422	533						Augenblicke.jpg	0	1200	1024	40	0	416	532	2593	0	Content		382	533	380177	5652663662	
400	15:00:14.837	00:00:00.400	19	412,9476	555,6207	0,7203624	0,3886632	656,636	3,726486	0	434,053	516,6488	0,4472698	0,3764427	648,0369	3,805648	0	0	424	536						Augenblicke.jpg	0	1200	1024	40	0	416	532	2593	0	Content		384	536	400158	5652683643	
420	15:00:14.857	00:00:00.420	20	421,7788	565,6872	0,720798	0,3889971	656,636	3,71118	0	437,7557	529,5184	0,4477546	0,3767143	648,0369	3,765313	0	0	430	548						Augenblicke.jpg	0	1200	1024	40	0	416	532	2593	0	Content		390	548	420174	5652703659	
440	15:00:14.877	00:00:00.440	21	409,2292	566,8539	0,7210161	0,389414	656,636	3,771018	0	418,7465	511,3514	0,4479896	0,377174	648,0369	3,781538	0	0	414	539						Augenblicke.jpg	0	1200	1024	40	0	416	532	2593	0	Content		374	539	440012	5652723497	
460	15:00:14.897	00:00:00.459	22	406,3999	559,9902	0,7212055	0,3895172	656,636	3,783491	0	416,406	540,0529	0,4481209	0,3772166	648,0369	3,7515	0	0	411	550						Augenblicke.jpg	0	1200	1024	40	0	416	532	2593	0	Content		371	550	459973	5652743458	
480	15:00:14.917	00:00:00.479	23	406,8559	565,2394	0,7212567	0,3893196	657,0568	3,798314	0	417,0694	535,6926	0,4481999	0,3770417	649,7141	3,761681	0	0	412	550						Augenblicke.jpg	0	1200	1024	40	0	416	532	2593	0	Content		372	550	479920	5652763405	
500	15:00:14.937	00:00:00.499	24	414,1414	556,5539	0,7212386	0,3890151	657,0568	3,644273	0	416,9168	520,4932	0,4481895	0,3766846	649,7141	3,669144	0	0	416	539						Augenblicke.jpg	0	1200	1024	40	0	416	532	2593	0	Content		376	539	499779	5652783264	
520	15:00:14.957	00:00:00.519	25	423,4857	563,7849	0,7210687	0,3889499	657,0568	3,698102	0	419,5258	517,8257	0,4480623	0,3765449	649,7141	3,694107	0	0	422	541						Augenblicke.jpg	0	1200	1024	40	0	416	532	2593	0	Content		382	541	519801	5652803286	
540	15:00:14.977	00:00:00.539	26	416,0555	545,1784	0,7209612	0,388929	657,0568	3,532104	0	415,5005	558,0148	0,447978	0,3765005	649,7141	3,586787	0	0	416	552						Augenblicke.jpg	0	1200	1024	40	0	416	532	2593	0	Content		376	552	539629	5652823114	
560	15:00:14.997	00:00:00.559	27	416,3752	564,2447	0,7208905	0,3889358	657,0568	3,530453	0	411,5718	520,3419	0,4479375	0,3765177	649,7141	3,592977	0	0	414	542						Augenblicke.jpg	0	1200	1024	40	0	416	532	2593	0	Content		374	542	559684	5652843169	
580	15:00:15.017	00:00:00.579	28	415,7004	559,8549	0,7204436	0,3889458	655,7648	3,522099	0	407,8044	531,0672	0,4476203	0,3767105	648,5818	3,59311	0	0	412	545						Augenblicke.jpg	0	1200	1024	40	0	416	532	2593	0	Content		372	545	579527	5652863012	
600	15:00:15.037	00:00:00.599	29	397,514	550,5486	0,7201038	0,3889477	655,7648	3,462403	0	416,213	520,9155	0,4472058	0,3770872	648,5818	3,529413	0	0	407	536						Augenblicke.jpg	0	1200	1024	40	0	416	532	2593	0	Content		367	536	599508	5652882993	
620	15:00:15.057	00:00:00.619	30	398,8351	565,2903	0,719578	0,3889596	655,7648	3,485761	0	396,869	478,0587	0,4467157	0,3773251	648,5818	3,509811	0	0	398	522						Augenblicke.jpg	0	1200	1024	40	0	416	532	2593	0	Content		358	522	619548	5652903033	
639	15:00:15.076	00:00:00.639	31	412,0726	589,0265	0,7193637	0,3890661	655,7648	3,476549	0	394,39	488,5576	0,4464945	0,3774772	648,5818	3,529355	0	0	403	539						Augenblicke.jpg	0	1200	1024	40	0	416	532	2593	0	Content		363	539	639381	5652922866	
659	15:00:15.096	00:00:00.659	32	405,0992	552,8207	0,719227	0,3893308	655,7648	3,343415	0	400,957	495,5895	0,4464395	0,3778349	648,5818	3,43626	0	0	403	524						Augenblicke.jpg	0	1200	1024	40	0	416	532	2593	0	Content		363	524	659259	5652942744	
679	15:00:15.116	00:00:00.679	33	406,7558	564,7128	0,7191191	0,3894251	656,3599	3,345806	0	396,2156	504,8656	0,4464047	0,3778632	647,256	3,416826	0	0	401	535						Augenblicke.jpg	0	1200	1024	40	0	416	532	2593	0	Content		361	535	679281	5652962766	
699	15:00:15.136	00:00:00.699	34	406,3818	570,4987	0,7191188	0,389261	656,3599	3,370085	0	403,8939	519,5667	0,4464488	0,3775367	647,256	3,391372	0	0	405	545						Augenblicke.jpg	0	1200	1024	40	0	416	532	2593	0	Content		365	545	699124	5652982609	
719	15:00:15.156	00:00:00.719	35	402,9326	565,7388	0,7189578	0,3891495	656,3599	3,323445	0	405,4717	528,6613	0,4464106	0,3774465	647,256	3,283356	0	0	404	547						Augenblicke.jpg	0	1200	1024	40	0	416	532	2593	0	Content		364	547	719134	5653002619	
739	15:00:15.176	00:00:00.738	36	417,2243	586,5685	0,7187908	0,3889941	656,3599	3,344025	0	406,8677	476,6145	0,4462549	0,3773577	647,256	3,372398	0	0	412	532						Augenblicke.jpg	0	1200	1024	40	0	416	532	2593	0	Content		372	532	738967	5653022452	
759	15:00:15.196	00:00:00.758	37	414,7665	563,1496	0,7186887	0,3889836	656,3599	3,387434	0	391,0199	463,4144	0,4460195	0,3773188	647,256	3,357233	0	0	403	513						Augenblicke.jpg	0	1200	1024	40	0	416	532	2593	0	Content		363	513	758857	5653042342	
779	15:00:15.216	00:00:00.778	38	412,583	570,1068	0,7186112	0,3890487	656,0331	3,369084	0	394,0704	448,2981	0,4459877	0,3773457	648,2562	3,327597	0	0	403	509						Augenblicke.jpg	0	1200	1024	40	0	416	532	2593	0	Content		363	509	778878	5653062363	
799	15:00:15.236	00:00:00.798	39	410,9645	579,1149	0,718806	0,3890003	656,0331	3,323789	0	412,8439	525,4393	0,4463038	0,3773095	648,2562	3,318231	0	0	412	552						Augenblicke.jpg	0	1200	1024	40	0	416	532	2593	0	Content		372	552	798870	5653082355	
819	15:00:15.256	00:00:00.818	40	404,8691	566,7355	0,7193425	0,3891639	656,0331	3,319097	0	391,7714	478,7343	0,4467213	0,377246	648,2562	3,348944	0	0	398	523						Augenblicke.jpg	0	1200	1024	40	0	416	532	2593	0	Content		358	523	818745	5653102230	
839	15:00:15.276	00:00:00.838	41	414,3285	543,4103	0,7200198	0,3896241	656,0331	3,333775	0	384,2024	492,8571	0,4474169	0,3772597	648,2562	3,314532	0	0	399	518						Augenblicke.jpg	0	1200	1024	40	0	416	532	2593	0	Content		359	518	838572	5653122057	
859	15:00:15.296	00:00:00.858	42	400,0232	551,5666	0,7208034	0,3899216	656,0331	3,302678	0	395,4211	493,3055	0,4482939	0,3772964	648,2562	3,303195	0	0	398	522						Augenblicke.jpg	0	1200	1024	40	0	416	532	2593	0	Content		358	522	858577	5653142062	
879	15:00:15.316	00:00:00.878	43	404,9489	539,7521	0,7211109	0,3903576	655,6254	3,300259	0	395,5158	490,4977	0,4487852	0,37741	649,3958	3,314312	0	0	400	515						Augenblicke.jpg	0	1200	1024	40	0	416	532	2593	0	Content		360	515	878618	5653162103	
898	15:00:15.335	00:00:00.898	44	439,4667	560,9379	0,72168	0,3907051	655,6254	3,296528	0	424,8831	482,5094	0,449384	0,3774242	649,3958	3,402251	0	0	432	522						Augenblicke.jpg	0	1200	1024	40	0	416	532	2593	0	Content		392	522	898450	5653181935	
918	15:00:15.355	00:00:00.918	45	443,8676	554,6874	0,7222643	0,3907575	655,6254	3,313836	0	431,8836	478,6215	0,4499837	0,3774536	649,3958	3,288917	0	0	438	517						Augenblicke.jpg	0	1200	1024	40	0	416	532	2593	0	Content		398	517	918365	5653201850	
938	15:00:15.375	00:00:00.938	46	422,255	546,1518	0,7226615	0,3907203	655,6254	3,248698	0	414,2068	490,9844	0,4502553	0,3773642	649,3958	3,28911	0	0	418	519						Augenblicke.jpg	0	1200	1024	40	0	416	532	2593	0	Content		378	519	938332	5653221817	
958	15:00:15.395	00:00:00.958	47	445,5175	558,8961	0,7230511	0,390678	655,6254	3,350626	0	440,7917	493,2086	0,4507418	0,377299	649,3958	3,311927	0	0	443	526						Augenblicke.jpg	0	1200	1024	40	0	416	532	2593	0	Content		403	526	958184	5653241669	
978	15:00:15.415	00:00:00.978	48	443,0388	556,9579	0,7234163	0,3905666	653,2789	3,335931	0	436,1797	495,0758	0,4509956	0,3772681	648,6891	3,316172	0	0	440	526						Augenblicke.jpg	0	1200	1024	40	0	416	532	2593	0	Content		400	526	978229	5653261714	
998	15:00:15.435	00:00:00.998	49	431,7422	537,1923	0,723803	0,3906121	653,2789	3,301126	0	431,9225	481,2949	0,4514305	0,3772381	648,6891	3,328717	0	0	432	509						Augenblicke.jpg	0	1200	1024	40	0	416	532	2593	0	Content		392	509	998223	5653281708	
1018	15:00:15.455	00:00:01.018	50	447,5592	558,2939	0,7243452	0,3906742	653,2789	3,255239	0	421,1908	483,4493	0,4517519	0,3772458	648,6891	3,363709	0	0	434	521						Augenblicke.jpg	0	1200	1024	40	0	416	532	2593	0	Content		394	521	1018100	5653301585	
1038	15:00:15.475	00:00:01.037	51	422,3401	537,2457	0,7247679	0,3907381	653,2789	3,266676	0	416,1855	490,7615	0,4522205	0,3773516	648,6891	3,363826	0	0	419	514						Augenblicke.jpg	0	1200	1024	40	0	416	532	2593	0	Content		379	514	1037913	5653321398	
1058	15:00:15.495	00:00:01.057	52	436,2147	543,2655	0,7251897	0,3908432	653,2789	3,228528	0	420,0258	515,0276	0,452486	0,3774414	648,6891	3,206843	0	0	428	529						Augenblicke.jpg	0	1200	1024	40	0	416	532	2593	0	Content		388	529	1057958	5653341443	
1078	15:00:15.515	00:00:01.077	53	440,0735	546,4731	0,7252088	0,3908748	654,8312	3,230835	0	415,0024	520,9782	0,452656	0,3776072	648,9449	3,215436	0	0	428	534						Augenblicke.jpg	0	1200	1024	40	0	416	532	2593	0	Content		388	534	1077936	5653361421	
1098	15:00:15.535	00:00:01.097	54	440,8783	543,5554	0,7254882	0,3909442	654,8312	3,287422	0	456,0949	499,9776	0,4528982	0,3777323	648,9449	3,331558	0	0	448	522						Augenblicke.jpg	0	1200	1024	40	0	416	532	2593	0	Content		408	522	1097818	5653381303	
1118	15:00:15.555	00:00:01.117	55	469,4616	583,9995	0,7257282	0,3910902	654,8312	3,312392	0	446,5753	480,8803	0,4530063	0,3779896	648,9449	3,351815	0	0	458	532						Augenblicke.jpg	0	1200	1024	40	0	416	532	2593	0	Content		418	532	1117704	5653401189	
1138	15:00:15.575	00:00:01.137	56	450,2157	526,9058	0,7257909	0,3914453	654,8312	3,359251	0	446,6488	473,0735	0,4530112	0,3782788	648,9449	3,281484	0	0	448	500						Augenblicke.jpg	0	1200	1024	40	0	416	532	2593	0	Content		408	500	1137649	5653421134	
1158	15:00:15.595	00:00:01.157	57	458,1508	555,4339	0,7257716	0,3917606	654,8312	3,359001	0	454,6566	489,3293	0,4529794	0,378401	648,9449	3,319728	0	0	456	522						Augenblicke.jpg	0	1200	1024	40	0	416	532	2593	0	Content		416	522	1157550	5653441035	
1178	15:00:15.615	00:00:01.177	58	447,6349	558,1429	0,7256357	0,3920746	657,0426	3,369706	0	450,9332	477,8289	0,4529277	0,3789136	648,6493	3,309831	0	0	449	518						Augenblicke.jpg	0	1200	1024	40	0	416	532	2593	0	Content		409	518	1177577	5653461062	
1197	15:00:15.634	00:00:01.197	59	453,3005	552,1608	0,7256599	0,392467	657,0426	3,314756	0	459,5665	482,0343	0,4529197	0,3792316	648,6493	3,34128	0	0	456	517						Augenblicke.jpg	0	1200	1024	40	0	416	532	2593	0	Content		416	517	1197421	5653480906	
1217	15:00:15.654	00:00:01.217	60	464,2362	542,8901	0,7258865	0,3926927	657,0426	3,361826	0	459,3627	513,2094	0,4530805	0,3793216	648,6493	3,42995	0	0	462	528						Augenblicke.jpg	0	1200	1024	40	0	416	532	2593	0	Content		422	528	1217328	5653500813	
1237	15:00:15.674	00:00:01.237	61	463,9695	553,0585	0,7263227	0,3928079	657,0426	3,347986	0	445,5859	498,1206	0,4536512	0,3793449	648,6493	3,439208	0	0	455	526						Augenblicke.jpg	0	1200	1024	40	0	416	532	2593	0	Content		415	526	1237258	5653520743	
1257	15:00:15.694	00:00:01.257	62	453,5067	565,153	0,7267689	0,3929917	657,0426	3,372354	0	458,2533	514,4855	0,4542029	0,3793628	648,6493	3,409623	0	0	456	540						Augenblicke.jpg	0	1200	1024	40	0	416	532	2593	0	Content		416	540	1257284	5653540769	
1277	15:00:15.714	00:00:01.277	63	456,6458	559,3864	0,7273607	0,3932596	660,2021	3,386911	0	453,5235	511,4541	0,454735	0,3793606	647,7744	3,401498	0	0	455	535						Augenblicke.jpg	0	1200	1024	40	0	416	532	2593	0	Content		415	535	1277184	5653560669	
1297	15:00:15.734	00:00:01.297	64	458,6786	512,3846	0,728092	0,3933749	660,2021	3,353886	0	464,6108	500,7899	0,4555357	0,3792456	647,7744	3,427175	0	0	462	507						Augenblicke.jpg	0	1200	1024	40	0	416	532	2593	0	Content		422	507	1297081	5653580566	
1317	15:00:15.754	00:00:01.317	65	466,5739	554,6956	0,7290225	0,3933002	660,2021	3,378014	0	454,8414	511,2542	0,4565375	0,3788844	647,7744	3,354622	0	0	461	533						Augenblicke.jpg	0	1200	1024	40	0	416	532	2593	0	Content		421	533	1317034	5653600519	
1337	15:00:15.774	00:00:01.337	66	451,7567	536,0334	0,7299595	0,3930917	660,2021	3,386297	0	449,557	528,1711	0,4574133	0,3784488	647,7744	3,385923	0	0	451	532						Augenblicke.jpg	0	1200	1024	40	0	416	532	2593	0	Content		411	532	1337025	5653620510	
1357	15:00:15.794	00:00:01.356	67	457,0004	556,7689	0,7305397	0,392886	660,2021	3,430081	0	466,6856	515,1917	0,4580727	0,3783343	647,7744	3,44805	0	0	462	536						Augenblicke.jpg	0	1200	1024	40	0	416	532	2593	0	Content		422	536	1356904	5653640389	
1377	15:00:15.814	00:00:01.376	68	452,0108	554,1667	0,7309251	0,3927601	658,6693	3,442824	0	458,7118	522,2658	0,4585995	0,3781033	647,9221	3,422092	0	0	455	538						Augenblicke.jpg	0	1200	1024	40	0	416	532	2593	0	Content		415	538	1376926	5653660411	
1397	15:00:15.834	00:00:01.396	69	490,9922	541,3184	0,730895	0,3926673	658,6693	3,408969	0	482,9615	523,5712	0,4586583	0,3776388	647,9221	3,421525	0	0	487	532						Augenblicke.jpg	0	1200	1024	40	0	416	532	2593	0	Content		447	532	1396769	5653680254	
1417	15:00:15.854	00:00:01.416	70	505,914	535,9509	0,7309724	0,392552	658,6693	3,404555	0	481,9726	533,2675	0,4588869	0,3775252	647,9221	3,473829	0	0	494	535						Augenblicke.jpg	0	1200	1024	40	0	416	532	2593	0	Content		454	535	1416676	5653700161	
1437	15:00:15.874	00:00:01.436	71	472,192	525,1464	0,7310473	0,3926593	658,6693	3,372202	0	478,2676	506,8378	0,4589649	0,3779258	647,9221	3,434562	0	0	475	516						Augenblicke.jpg	0	1200	1024	40	0	416	532	2593	0	Content		435	516	1436605	5653720090	
1457	15:00:15.894	00:00:01.456	72	489,3871	542,3655	0,7309685	0,3927405	658,6693	3,382661	0	474,5628	511,1885	0,4588316	0,3783232	647,9221	3,427588	0	0	482	527						Augenblicke.jpg	0	1200	1024	40	0	416	532	2593	0	Content		442	527	1456611	5653740096	
1477	15:00:15.914	00:00:01.476	73	489,6018	538,448	0,731001	0,3927982	657,7823	3,365789	0	475,4938	507,2563	0,4589097	0,3783576	648,5458	3,44763	0	0	483	523						Augenblicke.jpg	0	1200	1024	40	0	416	532	2593	0	Content		443	523	1476523	5653760008	
1496	15:00:15.933	00:00:01.496	74	485,9773	548,5643	0,731074	0,3927745	657,7823	3,399789	0	478,7101	527,8223	0,4590361	0,3782828	648,5458	3,419521	0	0	482	538						Augenblicke.jpg	0	1200	1024	40	0	416	532	2593	0	Content		442	538	1496362	5653779847	
1516	15:00:15.953	00:00:01.516	75	482,3416	518,6387	0,7313076	0,392659	657,7823	3,402531	0	491,0428	512,2256	0,4593213	0,3782542	648,5458	3,462148	0	0	487	515						Augenblicke.jpg	0	1200	1024	40	0	416	532	2593	0	Content		447	515	1516421	5653799906	
1536	15:00:15.973	00:00:01.536	76	492,6572	559,1937	0,7313828	0,3920452	657,7823	3,468096	0	485,8362	531,9064	0,4593558	0,3781788	648,5458	3,506765	0	0	489	546						Augenblicke.jpg	0	1200	1024	40	0	416	532	2593	0	Content		449	546	1536244	5653819729	
1556	15:00:15.993	00:00:01.556	77	498,0247	567,8562	0,7313928	0,3918141	657,7823	3,383163	0	488,8251	497,7311	0,4593482	0,3780138	648,5458	3,488678	0	0	493	533						Augenblicke.jpg	0	1200	1024	40	0	416	532	2593	0	Content		453	533	1556242	5653839727	
1576	15:00:16.013	00:00:01.576	78	501,5385	564,009	0,7315226	0,391882	658,0095	3,400674	0	489,4503	499,4024	0,4594987	0,3780061	648,507	3,51219	0	0	495	532						Augenblicke.jpg	0	1200	1024	40	0	416	532	2593	0	Content		455	532	1576116	5653859601	
1596	15:00:16.033	00:00:01.596	79	501,9207	561,8994	0,7317234	0,3921241	658,0095	3,424666	0	492,0062	510,8096	0,459845	0,378186	648,507	3,478278	0	0	497	536						Augenblicke.jpg	0	1200	1024	40	0	416	532	2593	0	Content		457	536	1596113	5653879598	
1616	15:00:16.053	00:00:01.616	80	489,9886	560,039	0,7318558	0,3926432	658,0095	3,4451	0	495,216	509,0127	0,4600402	0,3784182	648,507	3,549576	0	0	493	535						Augenblicke.jpg	0	1200	1024	40	0	416	532	2593	0	Content		453	535	1616030	5653899515	
1636	15:00:16.073	00:00:01.635	81	501,6764	566,6604	0,7317193	0,3927959	658,0095	3,399986	0	482,5022	511,8878	0,4598361	0,3787902	648,507	3,475868	0	0	492	539						Augenblicke.jpg	0	1200	1024	40	0	416	532	2593	0	Content		452	539	1635979	5653919464	
1656	15:00:16.093	00:00:01.655	82	490,7347	550,1716	0,7311817	0,392924	658,0095	3,4416	0	515,9678	512,2552	0,4593057	0,3792361	648,507	3,455514	0	0	503	531						Augenblicke.jpg	0	1200	1024	40	0	416	532	2593	0	Content		463	531	1655831	5653939316	
1676	15:00:16.113	00:00:01.675	83	490,1749	551,3188	0,7304381	0,3930103	657,4739	3,422702	0	515,913	512,0466	0,4585972	0,3794081	648,254	3,469531	0	0	503	532						Augenblicke.jpg	0	1200	1024	40	0	416	532	2593	0	Content		463	532	1675752	5653959237	
1696	15:00:16.133	00:00:01.695	84	509,3734	546,9406	0,7303525	0,3930341	657,4739	3,402606	0	530,6151	514,085	0,4585419	0,3794584	648,254	3,42227	0	0	520	531						Augenblicke.jpg	0	1200	1024	40	0	416	532	2593	0	Content		480	531	1695721	5653979206	
1716	15:00:16.153	00:00:01.715	85	517,9688	542,8525	0,7304223	0,3930997	657,4739	3,458404	0	529,401	506,1854	0,4586277	0,3794576	648,254	3,41571	0	0	524	525						Augenblicke.jpg	0	1200	1024	40	0	416	532	2593	0	Content		484	525	1715758	5653999243	
1736	15:00:16.173	00:00:01.735	86	548,2569	565,3578	0,7306226	0,3930599	657,4739	3,424814	0	520,0764	515,6605	0,4587379	0,3793796	648,254	3,461041	0	0	534	541						Augenblicke.jpg	0	1200	1024	40	0	416	532	2593	0	Content		494	541	1735571	5654019056	
1756	15:00:16.193	00:00:01.755	87	524,9902	562,609	0,7306684	0,3929886	657,4739	3,451248	0	515,8397	528,2549	0,4587518	0,3793306	648,254	3,495301	0	0	520	545						Augenblicke.jpg	0	1200	1024	40	0	416	532	2593	0	Content		480	545	1755502	5654038987	
1775	15:00:16.212	00:00:01.775	88	540,5685	560,4955	0,7304911	0,3929599	657,2239	3,436403	0	512,5591	528,2538	0,4586556	0,3792485	648,092	3,508594	0	0	527	544						Augenblicke.jpg	0	1200	1024	40	0	416	532	2593	0	Content		487	544	1775479	5654058964	
1795	15:00:16.232	00:00:01.795	89	520,1206	565,4288	0,7302276	0,3928343	657,2239	3,415903	0	516,6666	524,2325	0,4582619	0,3792055	648,092	3,504737	0	0	518	545						Augenblicke.jpg	0	1200	1024	40	0	416	532	2593	0	Content		478	545	1795329	5654078814	
1815	15:00:16.252	00:00:01.815	90	538,1744	577,2048	0,7297898	0,3928347	657,2239	3,485853	0	528,377	529,5297	0,4579038	0,3793587	648,092	3,457848	0	0	533	553						Augenblicke.jpg	0	1200	1024	40	0	416	532	2593	0	Content		493	553	1815364	5654098849	
1835	15:00:16.272	00:00:01.835	91	543,1566	582,1857	0,7294297	0,3930719	657,2239	3,505228	0	522,0431	507,1112	0,4573571	0,3799002	648,092	3,522108	0	0	533	545						Augenblicke.jpg	0	1200	1024	40	0	416	532	2593	0	Content		493	545	1835321	5654118806	
1855	15:00:16.292	00:00:01.855	92	526,972	526,8468	0,7289827	0,3936434	657,2239	3,401535	0	506,3379	543,6434	0,4570185	0,3803555	648,092	3,465324	0	0	517	535						Augenblicke.jpg	0	1200	1024	40	0	416	532	2593	0	Content		477	535	1855213	5654138698	
1875	15:00:16.312	00:00:01.875	93	536,2524	527,4861	0,7287319	0,3939978	658,939	3,448829	0	508,3914	539,685	0,4566477	0,3808829	649,2815	3,49542	0	0	522	534						Augenblicke.jpg	0	1200	1024	40	0	416	532	2593	0	Content		482	534	1875091	5654158576	
1895	15:00:16.332	00:00:01.895	94	549,2901	556,3405	0,7284783	0,3944893	658,939	3,46856	0	541,2295	520,6609	0,4564832	0,3812259	649,2815	3,463297	0	0	545	539						Augenblicke.jpg	0	1200	1024	40	0	416	532	2593	0	Content		505	539	1895073	5654178558	
1915	15:00:16.352	00:00:01.915	95	546,3281	524,1198	0,7281159	0,3946103	658,939	3,39513	0	558,9044	501,3787	0,4562752	0,3812448	649,2815	3,564311	0	0	553	513						Augenblicke.jpg	0	1200	1024	40	0	416	532	2593	0	Content		513	513	1915091	5654198576	
1935	15:00:16.372	00:00:01.934	96	537,2932	520,7942	0,7282002	0,3945996	658,939	3,37207	0	562,4545	524,4571	0,4563285	0,3811643	649,2815	3,471853	0	0	550	523						Augenblicke.jpg	0	1200	1024	40	0	416	532	2593	0	Content		510	523	1934932	5654218417	
1955	15:00:16.392	00:00:01.954	97	548,5715	534,5941	0,7281678	0,3941235	658,939	3,413039	0	546,0667	486,7957	0,4562436	0,3809486	649,2815	3,475225	0	0	547	511						Augenblicke.jpg	0	1200	1024	40	0	416	532	2593	0	Content		507	511	1954780	5654238265	
1975	15:00:16.412	00:00:01.974	98	546,71	538,9488	0,7280756	0,3937565	657,6419	3,404835	0	556,178	489,9994	0,456038	0,3805107	649,2919	3,478651	0	0	551	514						Augenblicke.jpg	0	1200	1024	40	0	416	532	2593	0	Content		511	514	1974842	5654258327	
1995	15:00:16.432	00:00:01.994	99	549,766	538,2517	0,7280418	0,3934496	657,6419	3,441515	0	538,9575	531,1251	0,4558901	0,3802657	649,2919	3,472735	0	0	544	535						Augenblicke.jpg	0	1200	1024	40	0	416	532	2593	0	Content		504	535	1994693	5654278178	
2015	15:00:16.452	00:00:02.014	100	563,2958	547,1831	0,7280938	0,3932351	657,6419	3,5015	0	543,7013	510,0227	0,4559653	0,3801359	649,2919	3,471008	0	0	553	529						Augenblicke.jpg	0	1200	1024	40	0	416	532	2593	0	Content		513	529	2014702	5654298187	
2035	15:00:16.472	00:00:02.034	101	551,7408	522,6687	0,7283838	0,3934615	657,6419	3,366817	0	554,3025	511,4566	0,4563081	0,3801156	649,2919	3,517167	0	0	553	517						Augenblicke.jpg	0	1200	1024	40	0	416	532	2593	0	Content		513	517	2034511	5654317996	
2054	15:00:16.491	00:00:02.054	102	566,8553	548,2556	0,7286007	0,3937264	657,6419	3,448728	0	549,1239	505,6002	0,4565175	0,380284	649,2919	3,448693	0	0	558	527						Augenblicke.jpg	0	1200	1024	40	0	416	532	2593	0	Content		518	527	2054422	5654337907	
2074	15:00:16.511	00:00:02.074	103	564,8058	542,1139	0,7285102	0,3939767	656,776	3,441268	0	554,5036	505,3722	0,4563988	0,3805147	649,0002	3,455867	0	0	560	524						Augenblicke.jpg	0	1200	1024	40	0	416	532	2593	0	Content		520	524	2074409	5654357894	
2094	15:00:16.531	00:00:02.094	104	541,0137	535,1982	0,7281643	0,3939419	656,776	3,377456	0	547,5602	488,1395	0,4559793	0,3807077	649,0002	3,482214	0	0	544	512						Augenblicke.jpg	0	1200	1024	40	0	416	532	2593	0	Content		504	512	2094414	5654377899	
2114	15:00:16.551	00:00:02.114	105	566,3091	576,0053	0,7276985	0,3938127	656,776	3,499399	0	556,9103	493,8994	0,4555621	0,3808494	649,0002	3,4775	0	0	562	535						Augenblicke.jpg	0	1200	1024	40	0	416	532	2593	0	Content		522	535	2114299	5654397784	
2134	15:00:16.571	00:00:02.134	106	559,7677	540,4932	0,727262	0,3936808	656,776	3,486996	0	543,0044	500,9784	0,4550661	0,380949	649,0002	3,433472	0	0	551	521						Augenblicke.jpg	0	1200	1024	40	0	416	532	2593	0	Content		511	521	2134124	5654417609	
2154	15:00:16.591	00:00:02.154	107	556,364	543,8503	0,7269005	0,3934868	656,776	3,392656	0	562,5811	486,3837	0,4547373	0,3809867	649,0002	3,543247	0	0	559	515						Augenblicke.jpg	0	1200	1024	40	0	416	532	2593	0	Content		519	515	2154133	5654437618	
2174	15:00:16.611	00:00:02.174	108	552,8535	554,7111	0,7268377	0,3934233	657,7084	3,456527	0	558,8573	493,3469	0,4547016	0,3810691	647,7511	3,528398	0	0	556	524						Augenblicke.jpg	0	1200	1024	40	0	416	532	2593	0	Content		516	524	2174184	5654457669	
2194	15:00:16.631	00:00:02.194	109	555,9831	572,0485	0,7269986	0,3937851	657,7084	3,457792	0	566,3641	533,692	0,4549716	0,3812478	647,7511	3,489292	0	0	561	553						Augenblicke.jpg	0	1200	1024	40	0	416	532	2593	0	Content		521	553	2194013	5654477498	
2214	15:00:16.651	00:00:02.214	110	562,94	511,2941	0,7269657	0,3945897	657,7084	3,353482	0	566,6935	484,3756	0,4549774	0,3817109	647,7511	3,491286	0	0	565	498						Augenblicke.jpg	0	1200	1024	40	0	416	532	2593	0	Content		525	498	2214036	5654497521	
2234	15:00:16.671	00:00:02.233	111	589,4248	589,9754	0,7266007	0,3949698	657,7084	3,51493	0	568,0652	515,3045	0,454602	0,3822434	647,7511	3,476963	0	0	579	553						Augenblicke.jpg	0	1200	1024	40	0	416	532	2593	0	Content		539	553	2233908	5654517393	
2254	15:00:16.691	00:00:02.253	112	563,4355	516,478	0,7263663	0,3955079	657,7084	3,413997	0	579,9626	525,608	0,4543795	0,3828692	647,7511	3,474824	0	0	572	521						Augenblicke.jpg	0	1200	1024	40	0	416	532	2593	0	Content		532	521	2253800	5654537285	
2274	15:00:16.711	00:00:02.273	113	573,4728	544,8421	0,7258728	0,3954323	657,623	3,398128	0	581,746	505,191	0,4538672	0,3832208	649,2084	3,480229	0	0	578	525						Augenblicke.jpg	0	1200	1024	40	0	416	532	2593	0	Content		538	525	2273769	5654557254	
2294	15:00:16.731	00:00:02.293	114	575,1833	542,4714	0,7253092	0,39541	657,623	3,390068	0	568,3439	527,2654	0,4532842	0,3833985	649,2084	3,493388	0	0	572	535						Augenblicke.jpg	0	1200	1024	40	0	416	532	2593	0	Content		532	535	2293768	5654577253	
2314	15:00:16.751	00:00:02.313	115	581,0289	534,1766	0,7248865	0,3954124	657,623	3,380147	0	579,3383	516,7664	0,4528762	0,3837004	649,2084	3,459986	0	0	580	525						Augenblicke.jpg	0	1200	1024	40	0	416	532	2593	0	Content		540	525	2313628	5654597113	
2333	15:00:16.770	00:00:02.333	116	556,1237	511,3893	0,7245319	0,3954912	657,623	3,3322	0	568,7869	492,7815	0,4525062	0,3838927	649,2084	3,457466	0	0	562	502						Augenblicke.jpg	0	1200	1024	40	0	416	532	2593	0	Content		522	502	2333473	5654616958	
2353	15:00:16.790	00:00:02.353	117	592,9152	562,0339	0,724393	0,3956073	657,623	3,490498	0	568,4243	500,9169	0,4523144	0,3840144	649,2084	3,454242	0	0	581	531						Augenblicke.jpg	0	1200	1024	40	0	416	532	2593	0	Content		541	531	2353496	5654636981	
2374	15:00:16.811	00:00:02.373	118	590,2258	555,2629	0,7241881	0,3958596	656,7133	3,477267	0	572,0803	490,5361	0,4521638	0,3842617	647,8858	3,444697	0	0	581	523						Augenblicke.jpg	0	1200	1024	40	0	416	532	2593	0	Content		541	523	2373513	5654656998	
2393	15:00:16.830	00:00:02.393	119	566,8942	536,2035	0,7240551	0,3964658	656,7133	3,382949	0	588,5189	512,5765	0,4520515	0,3847674	647,8858	3,48747	0	0	578	524						Augenblicke.jpg	0	1200	1024	40	0	416	532	2593	0	Content		538	524	2393361	5654676846	
2413	15:00:16.850	00:00:02.413	120	580,8993	561,7243	0,7240812	0,3967044	656,7133	3,396797	0	592,5445	517,2275	0,452057	0,3850016	647,8858	3,426386	0	0	587	539						Augenblicke.jpg	0	1200	1024	40	0	416	532	2593	0	Content		547	539	2413266	5654696751	
2433	15:00:16.870	00:00:02.433	121	557,4764	545,698	0,7243947	0,3968396	656,7133	3,313386	0	557,5013	520,4476	0,4522792	0,385015	647,8858	3,436418	0	0	557	533						Augenblicke.jpg	0	1200	1024	40	0	416	532	2593	0	Content		517	533	2433242	5654716727	
2453	15:00:16.890	00:00:02.453	122	551,7674	553,1127	0,7245609	0,3969136	656,7133	3,352529	0	570,813	514,1569	0,4525536	0,3849218	647,8858	3,354853	0	0	561	534						Augenblicke.jpg	0	1200	1024	40	0	416	532	2593	0	Content		521	534	2453165	5654736650	
2473	15:00:16.910	00:00:02.473	123	550,9777	545,0505	0,7248504	0,3970538	656,4084	3,334569	0	562,6276	517,6902	0,4528345	0,3848226	647,6598	3,33323	0	0	557	531						Augenblicke.jpg	0	1200	1024	40	0	416	532	2593	0	Content		517	531	2473111	5654756596	
2493	15:00:16.930	00:00:02.492	124	565,33	546,3598	0,7250707	0,3970334	656,4084	3,364898	0	565,0208	522,4739	0,452957	0,3848229	647,6598	3,3711	0	0	565	534						Augenblicke.jpg	0	1200	1024	40	0	416	532	2593	0	Content		525	534	2492955	5654776440	
2513	15:00:16.950	00:00:02.512	125	545,6139	503,8984	0,725184	0,3970478	656,4084	3,367153	0	558,3149	483,2548	0,4530413	0,3846815	647,6598	3,459081	0	0	552	494						Augenblicke.jpg	0	1200	1024	40	0	416	532	2593	0	Content		512	494	2512846	5654796331	
2533	15:00:16.970	00:00:02.532	126	562,6238	559,8295	0,7253413	0,3971061	656,4084	3,352678	0	563,2354	503,8487	0,4532066	0,3844008	647,6598	3,416744	0	0	563	532						Augenblicke.jpg	0	1200	1024	40	0	416	532	2593	0	Content		523	532	2532849	5654816334	
2553	15:00:16.990	00:00:02.552	127	574,8854	558,0349	0,7256146	0,3973151	656,4084	3,405762	0	575,7655	531,3385	0,4535079	0,3843167	647,6598	3,374233	0	0	575	545						Augenblicke.jpg	0	1200	1024	40	0	416	532	2593	0	Content		535	545	2552876	5654836361	
2573	15:00:17.010	00:00:02.572	128	569,5634	555,8311	0,7258492	0,3975561	657,2552	3,410922	0	574,3973	517,0022	0,453692	0,3844718	647,9744	3,409498	0	0	572	536						Augenblicke.jpg	0	1200	1024	40	0	416	532	2593	0	Content		532	536	2572719	5654856204	
2593	15:00:17.030	00:00:02.592	129	546,3698	519,4604	0,7260321	0,3977571	657,2552	3,38231	0	563,0515	513,4937	0,4538303	0,3845978	647,9744	3,373195	0	1	555	516						Augenblicke.jpg	0	1200	1024	40	0	561	532	299	0	Content		515	516	2592600	5654876085	
2613	15:00:17.050	00:00:02.612	130	623,0375	571,0162	0,72565	0,3980245	657,2552	3,388402	0	609,0671	510,0157	0,4536549	0,3846838	647,9744	3,376146	0	1	616	541						Augenblicke.jpg	0	1200	1024	40	0	561	532	299	0	Content		576	541	2612620	5654896105	
2633	15:00:17.070	00:00:02.632	131	595,8354	529,6161	0,7259177	0,3980442	657,2552	3,373883	0	594,678	538,2486	0,4539325	0,3845843	647,9744	3,429683	0	1	595	534						Augenblicke.jpg	0	1200	1024	40	0	561	532	299	0	Content		555	534	2632546	5654916031	
2652	15:00:17.089	00:00:02.652	132	603,7313	553,3586	0,7262084	0,3979078	657,2552	3,372797	0	606,8646	525,058	0,4542382	0,384415	647,9744	3,401976	0	1	605	539						Augenblicke.jpg	0	1200	1024	40	0	561	532	299	0	Content		565	539	2652457	5654935942	
2673	15:00:17.110	00:00:02.672	133	607,8004	535,2723	0,7265344	0,3979205	655,9188	3,365088	0	597,9101	530,2321	0,4544578	0,3844302	648,3249	3,42102	0	1	603	533						Augenblicke.jpg	0	1200	1024	40	0	561	532	299	0	Content		563	533	2672532	5654956017	
2692	15:00:17.129	00:00:02.692	134	605,9955	566,8431	0,7267507	0,3977304	655,9188	3,364746	0	617,3705	486,4796	0,4546432	0,3843167	648,3249	3,33208	0	1	612	527						Augenblicke.jpg	0	1200	1024	40	0	561	532	299	0	Content		572	527	2692349	5654975834	
2712	15:00:17.149	00:00:02.712	135	593,2114	530,798	0,7269694	0,3977032	655,9188	3,286622	0	605,6331	533,846	0,4548925	0,38435	648,3249	3,370307	0	1	599	532						Augenblicke.jpg	0	1200	1024	40	0	561	532	299	0	Content		559	532	2712225	5654995710	
2732	15:00:17.169	00:00:02.732	136	592,4445	546,9912	0,7271576	0,3976714	655,9188	3,332075	0	594,0601	530,3103	0,4550306	0,3844122	648,3249	3,395176	0	1	593	539						Augenblicke.jpg	0	1200	1024	40	0	561	532	299	0	Content		553	539	2732215	5655015700	
2752	15:00:17.189	00:00:02.752	137	603,5305	537,0143	0,7272621	0,3976527	655,9188	3,307813	0	604,5431	510,5285	0,4550973	0,384403	648,3249	3,369489	0	1	604	524						Augenblicke.jpg	0	1200	1024	40	0	561	532	299	0	Content		564	524	2752270	5655035755	
2772	15:00:17.209	00:00:02.772	138	597,8181	544,0745	0,7271688	0,3976296	656,3172	3,331982	0	600,515	535,1998	0,4550259	0,3844495	648,55	3,378638	0	1	599	540						Augenblicke.jpg	0	1200	1024	40	0	561	532	299	0	Content		559	540	2772056	5655055541	
2792	15:00:17.229	00:00:02.791	139	586,2942	496,2538	0,7268683	0,3974282	656,3172	3,312185	0	585,9136	556,1539	0,454643	0,3842259	648,55	3,372293	0	1	586	526						Augenblicke.jpg	0	1200	1024	40	0	561	532	299	0	Content		546	526	2791896	5655075381	
2812	15:00:17.249	00:00:02.811	140	601,0683	526,4781	0,7265561	0,3968703	656,3172	3,340117	0	607,0098	527,4921	0,4543645	0,3840943	648,55	3,36491	0	1	604	527						Augenblicke.jpg	0	1200	1024	40	0	561	532	299	0	Content		564	527	2811950	5655095435	
2832	15:00:17.269	00:00:02.831	141	598,6136	527,3429	0,7263035	0,3966018	656,3172	3,250716	0	615,0092	505,2663	0,4540657	0,3835717	648,55	3,381937	0	1	607	516						Augenblicke.jpg	0	1200	1024	40	0	561	532	299	0	Content		567	516	2831765	5655115250	
2852	15:00:17.289	00:00:02.851	142	596,9503	537,8865	0,7260541	0,3958704	656,3172	3,329203	0	588,954	529,2234	0,4537216	0,3831033	648,55	3,403066	0	1	593	534						Augenblicke.jpg	0	1200	1024	40	0	561	532	299	0	Content		553	534	2851797	5655135282	
2872	15:00:17.309	00:00:02.871	143	597,5337	543,1309	0,7256821	0,3953876	655,6246	3,292405	0	601,8196	526,8931	0,4532275	0,3826762	646,7429	3,397031	0	1	600	535						Augenblicke.jpg	0	1200	1024	40	0	561	532	299	0	Content		560	535	2871683	5655155168	
2892	15:00:17.329	00:00:02.891	144	633,2445	540,1322	0,7245688	0,3949168	655,6246	3,249186	0	642,072	513,3772	0,4521858	0,3823209	646,7429	3,391054	0	2	638	527						Augenblicke.jpg	0	1200	1024	40	0	628	523	797	0	Content		598	527	2891663	5655175148	
2912	15:00:17.349	00:00:02.911	145	647,989	529,932	0,7240992	0,3948016	655,6246	3,346453	0	633,9864	531,7103	0,45158	0,3822759	646,7429	3,364151	0	2	641	531						Augenblicke.jpg	0	1200	1024	40	0	628	523	797	0	Content		601	531	2911553	5655195038	
2932	15:00:17.369	00:00:02.931	146	631,9651	508,8777	0,7240433	0,3948072	655,6246	3,329161	0	634,6406	522,3364	0,4515313	0,3822144	646,7429	3,365736	0	2	633	516						Augenblicke.jpg	0	1200	1024	40	0	628	523	797	0	Content		593	516	2931501	5655214986	
2951	15:00:17.388	00:00:02.951	147	645,887	567,4345	0,7241418	0,3946946	655,6246	3,318848	0	641,463	521,8863	0,4515819	0,3821278	646,7429	3,323784	0	2	644	545						Augenblicke.jpg	0	1200	1024	40	0	628	523	797	0	Content		604	545	2951375	5655234860	
2971	15:00:17.408	00:00:02.971	148	639,6563	560,6167	0,7240041	0,3943855	654,9944	3,305462	0	636,2432	518,8577	0,4515309	0,3819331	648,1106	3,317617	0	2	638	540						Augenblicke.jpg	0	1200	1024	40	0	628	523	797	0	Content		598	540	2971306	5655254791	
2991	15:00:17.428	00:00:02.991	149	650,6511	539,1267	0,7235563	0,3939317	654,9944	3,335684	0	639,2463	499,3386	0,450975	0,3818796	648,1106	3,413393	0	2	645	519						Augenblicke.jpg	0	1200	1024	40	0	628	523	797	0	Content		605	519	2991273	5655274758	
3011	15:00:17.448	00:00:03.011	150	643,3047	531,2018	0,7228377	0,3938304	654,9944	3,366575	0	634,1459	518,4814	0,4502164	0,3819807	648,1106	3,388565	0	2	639	525						Augenblicke.jpg	0	1200	1024	40	0	628	523	797	0	Content		599	525	3011299	5655294784	
3031	15:00:17.468	00:00:03.031	151	642,058	509,6597	0,722169	0,3939103	654,9944	3,25852	0	628,5038	517,5522	0,4494781	0,3821801	648,1106	3,374532	0	2	635	514						Augenblicke.jpg	0	1200	1024	40	0	628	523	797	0	Content		595	514	3031107	5655314592	
3051	15:00:17.488	00:00:03.051	152	634,8559	514,7962	0,7216363	0,3944266	654,9944	3,359681	0	647,1143	531,4993	0,4490863	0,3826099	648,1106	3,328989	0	2	641	523						Augenblicke.jpg	0	1200	1024	40	0	628	523	797	0	Content		601	523	3051141	5655334626	
3071	15:00:17.508	00:00:03.071	153	633,7585	519,2875	0,721391	0,3947234	655,3345	3,323031	0	643,132	533,1888	0,4487577	0,3830791	649,3785	3,312279	0	2	638	526						Augenblicke.jpg	0	1200	1024	40	0	628	523	797	0	Content		598	526	3071041	5655354526	
3091	15:00:17.528	00:00:03.090	154	656,6782	527,317	0,7212416	0,3948292	655,3345	3,259225	0	633,3782	532,4888	0,4486203	0,3832226	649,3785	3,378076	0	2	645	530						Augenblicke.jpg	0	1200	1024	40	0	628	523	797	0	Content		605	530	3090881	5655374366	
3111	15:00:17.548	00:00:03.110	155	647,4402	543,554	0,7210981	0,3948578	655,3345	3,316828	0	645,7501	514,1713	0,4485047	0,3834279	649,3785	3,352252	0	2	647	529						Augenblicke.jpg	0	1200	1024	40	0	628	523	797	0	Content		607	529	3110871	5655394356	
3131	15:00:17.568	00:00:03.130	156	649,4823	523,2436	0,7210603	0,3948574	655,3345	3,263098	0	645,4097	542,7299	0,4484509	0,3835973	649,3785	3,399085	0	2	647	533						Augenblicke.jpg	0	1200	1024	40	0	628	523	797	0	Content		607	533	3130846	5655414331	
3151	15:00:17.588	00:00:03.150	157	651,6686	524,4041	0,7211975	0,3949069	655,3345	3,293883	0	650,4269	507,732	0,4485571	0,3835796	649,3785	3,339548	0	2	651	516						Augenblicke.jpg	0	1200	1024	40	0	628	523	797	0	Content		611	516	3150760	5655434245	
3171	15:00:17.608	00:00:03.170	158	652,8114	527,5719	0,7214293	0,3951905	654,9537	3,266489	0	652,2483	513,0967	0,4487598	0,3835275	650,1889	3,354962	0	2	653	520						Augenblicke.jpg	0	1200	1024	40	0	628	523	797	0	Content		613	520	3170653	5655454138	
3191	15:00:17.628	00:00:03.190	159	634,7964	517,8983	0,7217283	0,3954875	654,9537	3,277392	0	645,2681	525,7837	0,4491704	0,3834607	650,1889	3,309615	0	2	640	522						Augenblicke.jpg	0	1200	1024	40	0	628	523	797	0	Content		600	522	3190611	5655474096	
3211	15:00:17.648	00:00:03.210	160	649,74	525,4884	0,7221313	0,3956928	654,9537	3,338472	0	631,1738	506,4283	0,4494545	0,3836212	650,1889	3,400247	0	2	640	516						Augenblicke.jpg	0	1200	1024	40	0	628	523	797	0	Content		600	516	3210617	5655494102	
3230	15:00:17.667	00:00:03.230	161	670,0554	530,547	0,7219199	0,3958418	654,9537	3,341709	0	669,1417	521,757	0,4494458	0,3836256	650,1889	3,374041	0	2	670	526						Augenblicke.jpg	0	1200	1024	40	0	628	523	797	0	Content		630	526	3230483	5655513968	
3250	15:00:17.687	00:00:03.250	162	663,2567	491,4053	0,722246	0,3962858	654,9537	3,335761	0	673,3124	518,8753	0,4498535	0,3837934	650,1889	3,332284	0	2	668	505						Augenblicke.jpg	0	1200	1024	40	0	628	523	797	0	Content		628	505	3250409	5655533894	
3270	15:00:17.707	00:00:03.270	163	668,641	495,6993	0,7224435	0,3966251	654,1362	3,331914	0	673,4448	515,5153	0,4500322	0,3839246	648,7374	3,365666	0	2	671	506						Augenblicke.jpg	0	1200	1024	40	0	628	523	797	0	Content		631	506	3270372	5655553857	
3290	15:00:17.727	00:00:03.290	164	681,4359	527,4499	0,7226644	0,3968707	654,1362	3,272443	0	676,9198	516,3472	0,4501505	0,3841538	648,7374	3,383095	0	2	679	522						Augenblicke.jpg	0	1200	1024	40	0	628	523	797	0	Content		639	522	3290197	5655573682	
3310	15:00:17.747	00:00:03.310	165	678,6996	524,5095	0,7229771	0,3973247	654,1362	3,361089	0	676,4561	517,2559	0,4505055	0,384314	648,7374	3,364858	0	2	678	521						Augenblicke.jpg	0	1200	1024	40	0	628	523	797	0	Content		638	521	3310223	5655593708	
3330	15:00:17.767	00:00:03.330	166	678,9316	501,1324	0,7232929	0,3975429	654,1362	3,319896	0	667,5691	546,0773	0,4508202	0,3844104	648,7374	3,350431	0	2	673	524						Augenblicke.jpg	0	1200	1024	40	0	628	523	797	0	Content		633	524	3330085	5655613570	
3350	15:00:17.787	00:00:03.349	167	674,4703	516,2935	0,7237872	0,3975995	654,1362	3,31414	0	667,4919	536,0546	0,4512632	0,3843921	648,7374	3,395861	0	2	671	526						Augenblicke.jpg	0	1200	1024	40	0	628	523	797	0	Content		631	526	3349966	5655633451	
3370	15:00:17.807	00:00:03.370	168	674,9469	505,5529	0,7242396	0,3975919	655,2305	3,31373	0	665,4094	543,3594	0,4516521	0,3843342	649,6401	3,388747	0	2	670	524						Augenblicke.jpg	0	1200	1024	40	0	628	523	797	0	Content		630	524	3370000	5655653485	
3390	15:00:17.827	00:00:03.389	169	661,846	501,9799	0,7246464	0,397552	655,2305	3,295972	0	674,0473	531,3292	0,4521641	0,3841359	649,6401	3,358649	0	2	668	517						Augenblicke.jpg	0	1200	1024	40	0	628	523	797	0	Content		628	517	3389961	5655673446	
3410	15:00:17.847	00:00:03.409	170	680,2432	515,4583	0,7251425	0,3974527	655,2305	3,291869	0	675,9992	543,2668	0,4524533	0,3839812	649,6401	3,37909	0	2	678	529						Augenblicke.jpg	0	1200	1024	40	0	628	523	797	0	Content		638	529	3409877	5655693362	
3430	15:00:17.867	00:00:03.429	171	670,1531	520,3625	0,7254716	0,3975461	655,2305	3,311671	0	680,4255	546,5165	0,4529231	0,3838021	649,6401	3,429169	0	2	675	533						Augenblicke.jpg	0	1200	1024	40	0	628	523	797	0	Content		635	533	3429859	5655713344	
3450	15:00:17.887	00:00:03.449	172	668,7051	508,5487	0,725763	0,3976237	655,2305	3,278647	0	657,9265	545,0069	0,4530939	0,3835507	649,6401	3,312002	0	2	663	527						Augenblicke.jpg	0	1200	1024	40	0	628	523	797	0	Content		623	527	3449682	5655733167	
3470	15:00:17.907	00:00:03.469	173	669,361	519,4039	0,7254861	0,397729	654,0078	3,27419	0	659,3505	546,9944	0,4529403	0,3836231	649,0037	3,328256	0	2	664	533						Augenblicke.jpg	0	1200	1024	40	0	628	523	797	0	Content		624	533	3469772	5655753257	
3490	15:00:17.927	00:00:03.489	174	698,2099	532,8138	0,7250412	0,3975367	654,0078	3,240454	0	691,4965	520,604	0,4524674	0,3834248	649,0037	3,351822	0	2	695	527						Augenblicke.jpg	0	1200	1024	40	0	628	523	797	0	Content		655	527	3489586	5655773071	
3510	15:00:17.947	00:00:03.509	175	689,7712	474,0117	0,7245697	0,3974024	654,0078	3,285526	0	702,8521	560,2258	0,4520999	0,3834195	649,0037	3,300638	0	2	696	517						Augenblicke.jpg	0	1200	1024	40	0	628	523	797	0	Content		656	517	3509612	5655793097	
3529	15:00:17.966	00:00:03.529	176	705,6458	512,6942	0,7241123	0,3972476	654,0078	3,285832	0	694,2108	522,4542	0,4515535	0,3836073	649,0037	3,316757	0	2	700	518						Augenblicke.jpg	0	1200	1024	40	0	628	523	797	0	Content		660	518	3529417	5655812902	
3549	15:00:17.986	00:00:03.549	177	699,322	525,0586	0,7237163	0,3973943	654,0078	3,325165	0	689,1729	515,2462	0,4511084	0,3839366	649,0037	3,354229	0	2	694	520						Augenblicke.jpg	0	1200	1024	40	0	628	523	797	0	Content		654	520	3549316	5655832801	
3569	15:00:18.006	00:00:03.569	178	698,9533	504,1681	0,7233456	0,3976032	654,3015	3,339928	0	694,2044	521,2372	0,4507717	0,3841744	651,1021	3,343273	0	2	697	513						Augenblicke.jpg	0	1200	1024	40	0	628	523	797	0	Content		657	513	3569355	5655852840	
3589	15:00:18.026	00:00:03.589	179	690,2766	490,4975	0,7230356	0,3976175	654,3015	3,304395	0	691,5344	526,7702	0,4503591	0,3842559	651,1021	3,363291	0	2	691	509						Augenblicke.jpg	0	1200	1024	40	0	628	523	797	0	Content		651	509	3589283	5655872768	
3609	15:00:18.046	00:00:03.609	180	701,6654	495,8494	0,7225968	0,3970222	654,3015	3,333191	0	709,7885	521,8939	0,4500253	0,3840536	651,1021	3,424526	0	2	706	509						Augenblicke.jpg	0	1200	1024	40	0	628	523	797	0	Content		666	509	3609205	5655892690	
3629	15:00:18.066	00:00:03.629	181	700,6697	526,5368	0,7221923	0,3958871	654,3015	3,253811	0	708,8123	519,1676	0,4493854	0,3831459	651,1021	3,277722	0	2	705	523						Augenblicke.jpg	0	1200	1024	40	0	628	523	797	0	Content		665	523	3629033	5655912518	
3649	15:00:18.086	00:00:03.649	182	691,8425	499,3564	0,7216863	0,3949374	654,3015	3,343052	0	691,6014	544,5386	0,4488456	0,3822745	651,1021	3,366382	0	2	692	522						Augenblicke.jpg	0	1200	1024	40	0	628	523	797	0	Content		652	522	3649058	5655932543	
3669	15:00:18.106	00:00:03.669	183	696,7432	509,2011	0,7213453	0,3946207	654,9719	3,323165	0	701,222	547,2256	0,4485024	0,3819988	648,9406	3,349783	0	2	699	528						Augenblicke.jpg	0	1200	1024	40	0	628	523	797	0	Content		659	528	3669089	5655952574	
3689	15:00:18.126	00:00:03.688	184	691,7687	515,5954	0,7210455	0,3947384	654,9719	3,287405	0	698,3674	518,4644	0,4480767	0,3821513	648,9406	3,343576	0	3	695	517						Augenblicke.jpg	0	1200	1024	40	0	714	517	1315	0	Content		655	517	3688891	5655972376	
3709	15:00:18.146	00:00:03.708	185	750,7454	524,319	0,7205584	0,3950244	654,9719	3,281804	0	753,2848	511,166	0,4477556	0,3823636	648,9406	3,349872	0	3	752	518						Augenblicke.jpg	0	1200	1024	40	0	714	517	1315	0	Content		712	518	3708799	5655992284	
3729	15:00:18.166	00:00:03.728	186	723,3429	522,5064	0,7205251	0,3951757	654,9719	3,342719	0	732,8445	552,4747	0,4476637	0,3824108	648,9406	3,323149	0	3	728	537						Augenblicke.jpg	0	1200	1024	40	0	714	517	1315	0	Content		688	537	3728792	5656012277	
3749	15:00:18.186	00:00:03.748	187	727,8052	517,6945	0,7204246	0,394815	654,9719	3,233021	0	730,6039	522,2398	0,4474694	0,3821343	648,9406	3,264165	0	3	729	520						Augenblicke.jpg	0	1200	1024	40	0	714	517	1315	0	Content		689	520	3748642	5656032127	
3769	15:00:18.206	00:00:03.768	188	734,7537	522,9412	0,7203035	0,3944184	654,5682	3,238988	0	725,8275	525,4532	0,4473036	0,3815738	650,7708	3,262876	0	3	730	524						Augenblicke.jpg	0	1200	1024	40	0	714	517	1315	0	Content		690	524	3768687	5656052172	
3789	15:00:18.226	00:00:03.788	189	732,9987	502,9904	0,7201775	0,393865	654,5682	3,348696	0	738,7896	563,2828	0,447195	0,381236	650,7708	3,326258	0	3	736	533						Augenblicke.jpg	0	1200	1024	40	0	714	517	1315	0	Content		696	533	3788502	5656071987	
3809	15:00:18.246	00:00:03.808	190	737,1698	523,9428	0,7202086	0,3937603	654,5682	3,313967	0	733,8484	529,9597	0,4471885	0,3811734	650,7708	3,294048	0	3	736	527						Augenblicke.jpg	0	1200	1024	40	0	714	517	1315	0	Content		696	527	3808509	5656091994	
3828	15:00:18.265	00:00:03.828	191	723,697	491,4716	0,7203308	0,3937511	654,5682	3,258699	0	726,4247	541,6069	0,4472282	0,3811725	650,7708	3,358104	0	3	725	517						Augenblicke.jpg	0	1200	1024	40	0	714	517	1315	0	Content		685	517	3828391	5656111876	
3848	15:00:18.285	00:00:03.848	192	729,9311	478,9089	0,7205757	0,3937785	654,5682	3,284821	0	718,8556	523,4882	0,4472865	0,3811988	650,7708	3,313992	0	3	724	501						Augenblicke.jpg	0	1200	1024	40	0	714	517	1315	0	Content		684	501	3848417	5656131902	
3868	15:00:18.305	00:00:03.868	193	728,2816	480,2448	0,7206223	0,3938631	654,0729	3,254302	0	713,8567	527,0935	0,447351	0,3813135	649,7028	3,307627	0	3	721	504						Augenblicke.jpg	0	1200	1024	40	0	714	517	1315	0	Content		681	504	3868302	5656151787	
3888	15:00:18.325	00:00:03.888	194	732,4811	514,3	0,7204094	0,3938209	654,0729	3,222244	0	736,8499	541,5748	0,4471323	0,3813293	649,7028	3,407384	0	3	735	528						Augenblicke.jpg	0	1200	1024	40	0	714	517	1315	0	Content		695	528	3888262	5656171747	
3908	15:00:18.345	00:00:03.908	195	735,4032	519,0008	0,7201559	0,3937721	654,0729	3,270169	0	721,791	533,3705	0,4466402	0,3814557	649,7028	3,293426	0	3	729	526						Augenblicke.jpg	0	1200	1024	40	0	714	517	1315	0	Content		689	526	3908138	5656191623	
3928	15:00:18.365	00:00:03.928	196	733,6335	514,4611	0,7198715	0,3936224	654,0729	3,281919	0	729,8203	541,9532	0,4464079	0,3814854	649,7028	3,315787	0	3	732	528						Augenblicke.jpg	0	1200	1024	40	0	714	517	1315	0	Content		692	528	3928203	5656211688	
3948	15:00:18.385	00:00:03.948	197	730,603	508,356	0,7196732	0,3934553	654,0729	3,218857	0	735,4193	545,7807	0,4462697	0,3815657	649,7028	3,355615	0	3	733	527						Augenblicke.jpg	0	1200	1024	40	0	714	517	1315	0	Content		693	527	3948004	5656231489	
3968	15:00:18.405	00:00:03.968	198	731,5576	507,4104	0,7196932	0,3934431	654,9744	3,249796	0	730,1972	546,4673	0,4462783	0,3818269	648,4597	3,293814	0	3	731	527						Augenblicke.jpg	0	1200	1024	40	0	714	517	1315	0	Content		691	527	3968052	5656251537	
3988	15:00:18.425	00:00:03.987	199	727,4873	473,5449	0,7198148	0,3936943	654,9744	3,301507	0	735,3726	542,9908	0,4464256	0,3820833	648,4597	3,301983	0	3	731	508						Augenblicke.jpg	0	1200	1024	40	0	714	517	1315	0	Content		691	508	3987879	5656271364	
4008	15:00:18.445	00:00:04.007	200	744,6701	493,5975	0,7200664	0,3939862	654,9744	3,316292	0	712,4769	546,4091	0,4465404	0,3821741	648,4597	3,354453	0	3	729	520						Augenblicke.jpg	0	1200	1024	40	0	714	517	1315	0	Content		689	520	4007813	5656291298	
4028	15:00:18.465	00:00:04.027	201	713,8339	488,6722	0,7203079	0,3945972	654,9744	3,313083	0	737,762	558,8922	0,4470313	0,3822556	648,4597	3,353028	0	3	726	524						Augenblicke.jpg	0	1200	1024	40	0	714	517	1315	0	Content		686	524	4027790	5656311275	
4048	15:00:18.485	00:00:04.047	202	748,6118	533,7247	0,72068	0,3947805	654,9744	3,285388	0	720,8804	541,9661	0,447253	0,3822608	648,4597	3,381441	0	3	735	538						Augenblicke.jpg	0	1200	1024	40	0	714	517	1315	0	Content		695	538	4047741	5656331226	
4068	15:00:18.505	00:00:04.067	203	738,9924	546,3953	0,7208697	0,3948769	654,3589	3,287647	0	714,7523	548,4606	0,4476618	0,3822011	647,442	3,384825	0	3	727	547						Augenblicke.jpg	0	1200	1024	40	0	714	517	1315	0	Content		687	547	4067700	5656351185	
4087	15:00:18.524	00:00:04.087	204	743,505	504,524	0,7212608	0,394745	654,3589	3,289046	0	743,8835	521,6632	0,4479904	0,382001	647,442	3,31911	0	3	744	513						Augenblicke.jpg	0	1200	1024	40	0	714	517	1315	0	Content		704	513	4087485	5656370970	
4107	15:00:18.544	00:00:04.107	205	735,1561	517,8588	0,7216364	0,3945922	654,3589	3,305752	0	744,9061	531,7712	0,4484952	0,3813891	647,442	3,320635	0	3	740	525						Augenblicke.jpg	0	1200	1024	40	0	714	517	1315	0	Content		700	525	4107475	5656390960	
4127	15:00:18.564	00:00:04.127	206	752,2419	516,9353	0,7220171	0,3943803	654,3589	3,326525	0	744,6605	516,525	0,448742	0,3811165	647,442	3,330223	0	3	748	517						Augenblicke.jpg	0	1200	1024	40	0	714	517	1315	0	Content		708	517	4127377	5656410862	
4147	15:00:18.584	00:00:04.147	207	737,1933	514,6891	0,7222697	0,3943686	654,3589	3,329409	0	746,7383	527,3046	0,4491856	0,3808702	647,442	3,341892	0	3	742	521						Augenblicke.jpg	0	1200	1024	40	0	714	517	1315	0	Content		702	521	4147353	5656430838	
4167	15:00:18.604	00:00:04.167	208	737,24	512,367	0,7223372	0,3943965	654,798	3,334453	0	746,8945	525,591	0,4492683	0,380852	649,258	3,356014	0	3	742	519						Augenblicke.jpg	0	1200	1024	40	0	714	517	1315	0	Content		702	519	4167275	5656450760	
4187	15:00:18.624	00:00:04.187	209	745,427	496,8389	0,7222847	0,394476	654,798	3,307913	0	744,3724	537,1702	0,4492328	0,3810252	649,258	3,28061	0	3	745	517						Augenblicke.jpg	0	1200	1024	40	0	714	517	1315	0	Content		705	517	4187198	5656470683	
4207	15:00:18.644	00:00:04.207	210	747,9392	519,3602	0,7221996	0,3946164	654,798	3,324486	0	760,7743	550,2725	0,449122	0,3811861	649,258	3,335567	0	3	754	535						Augenblicke.jpg	0	1200	1024	40	0	714	517	1315	0	Content		714	535	4207132	5656490617	
4227	15:00:18.664	00:00:04.227	211	751,2386	508,7382	0,7221973	0,3948373	654,798	3,296907	0	745,9465	537,6805	0,4490882	0,3814118	649,258	3,341603	0	3	749	523						Augenblicke.jpg	0	1200	1024	40	0	714	517	1315	0	Content		709	523	4227092	5656510577	
4247	15:00:18.684	00:00:04.246	212	719,4955	486,8925	0,7222764	0,3953094	654,798	3,316377	0	747,5385	519,892	0,4492142	0,3817976	649,258	3,275153	0	3	734	503						Augenblicke.jpg	0	1200	1024	40	0	714	517	1315	0	Content		694	503	4246964	5656530449	
4267	15:00:18.704	00:00:04.266	213	717,4719	496,4663	0,7224257	0,3955069	654,0558	3,314841	0	750,7931	519,6348	0,4493296	0,3819802	650,2604	3,308611	0	3	734	508						Augenblicke.jpg	0	1200	1024	40	0	714	517	1315	0	Content		694	508	4266986	5656550471	
4287	15:00:18.724	00:00:04.286	214	771,6981	497,7414	0,7222696	0,395646	654,0558	3,289654	0	776,3119	523,8834	0,4493372	0,3821479	650,2604	3,272539	0	3	774	511						Augenblicke.jpg	0	1200	1024	40	0	714	517	1315	0	Content		734	511	4286838	5656570323	
4307	15:00:18.744	00:00:04.306	215	768,0905	518,4507	0,7224041	0,3956801	654,0558	3,298485	0	734,8315	531,0269	0,4494147	0,3821035	650,2604	3,312321	0	3	751	525						Augenblicke.jpg	0	1200	1024	40	0	714	517	1315	0	Content		711	525	4306861	5656590346	
4327	15:00:18.764	00:00:04.326	216	758,9462	495,6791	0,7224717	0,3956589	654,0558	3,325449	0	760,8286	505,1244	0,4494587	0,3820068	650,2604	3,344657	0	3	760	500						Augenblicke.jpg	0	1200	1024	40	0	714	517	1315	0	Content		720	500	4326671	5656610156	
4347	15:00:18.784	00:00:04.346	217	752,9413	489,7651	0,7224718	0,3955454	654,0558	3,284129	0	753,3477	502,0156	0,4494503	0,3818686	650,2604	3,279791	0	3	753	496						Augenblicke.jpg	0	1200	1024	40	0	714	517	1315	0	Content		713	496	4346669	5656630154	
4367	15:00:18.804	00:00:04.366	218	748,4789	494,2448	0,7224017	0,3952807	653,6598	3,292899	0	739,2496	501,8134	0,4493614	0,3817483	648,8116	3,301252	0	3	744	498						Augenblicke.jpg	0	1200	1024	40	0	714	517	1315	0	Content		704	498	4366607	5656650092	
4386	15:00:18.823	00:00:04.386	219	746,9064	491,3568	0,7222586	0,3951508	653,6598	3,310007	0	757,9303	530,9445	0,4492185	0,3817035	648,8116	3,246104	0	3	752	511						Augenblicke.jpg	0	1200	1024	40	0	714	517	1315	0	Content		712	511	4386450	5656669935	
4406	15:00:18.843	00:00:04.406	220	769,6677	519,7456	0,7220887	0,3953401	653,6598	3,317104	0	751,7678	517,2003	0,4489382	0,3819429	648,8116	3,344625	0	3	761	518						Augenblicke.jpg	0	1200	1024	40	0	714	517	1315	0	Content		721	518	4406442	5656689927	
4426	15:00:18.863	00:00:04.426	221	763,4954	476,2382	0,7219085	0,3956119	653,6598	3,300596	0	745,913	509,4242	0,4487127	0,3821453	648,8116	3,220658	0	3	755	493						Augenblicke.jpg	0	1200	1024	40	0	714	517	1315	0	Content		715	493	4426452	5656709937	
4446	15:00:18.883	00:00:04.446	222	759,546	534,934	0,7218059	0,3957173	653,6598	3,260423	0	766,9687	511,1844	0,4486686	0,3822135	648,8116	3,327878	0	3	763	523						Augenblicke.jpg	0	1200	1024	40	0	714	517	1315	0	Content		723	523	4446301	5656729786	
4466	15:00:18.903	00:00:04.466	223	764,5226	526,4203	0,7218041	0,3958145	653,3396	3,254172	0	760,4322	510,65	0,448649	0,382303	650,0909	3,287221	0	3	762	519						Augenblicke.jpg	0	1200	1024	40	0	714	517	1315	0	Content		722	519	4466215	5656749700	
4486	15:00:18.923	00:00:04.486	224	759,8469	504,6018	0,7217479	0,3957277	653,3396	3,29311	0	769,5648	515,3199	0,4486166	0,3822558	650,0909	3,297675	0	3	765	510						Augenblicke.jpg	0	1200	1024	40	0	714	517	1315	0	Content		725	510	4486163	5656769648	
4506	15:00:18.943	00:00:04.506	225	762,571	518,578	0,7216842	0,3956994	653,3396	3,278392	0	772,4818	532,0835	0,4485563	0,3822617	650,0909	3,277411	0	3	768	525						Augenblicke.jpg	0	1200	1024	40	0	714	517	1315	0	Content		728	525	4506198	5656789683	
4526	15:00:18.963	00:00:04.526	226	754,1119	506,527	0,7216479	0,3956386	653,3396	3,31111	0	773,9967	520,926	0,4484699	0,3822808	650,0909	3,262647	0	3	764	514						Augenblicke.jpg	0	1200	1024	40	0	714	517	1315	0	Content		724	514	4526053	5656809538	
4546	15:00:18.983	00:00:04.545	227	762,7176	511,4985	0,7216342	0,3955804	653,3396	3,329379	0	773,9883	530,0128	0,4484322	0,382226	650,0909	3,327716	0	3	768	521						Augenblicke.jpg	0	1200	1024	40	0	714	517	1315	0	Content		728	521	4545916	5656829401	
4566	15:00:19.003	00:00:04.565	228	763,082	516,6669	0,721698	0,3954735	653,1765	3,332419	0	775,0207	531,4049	0,4484403	0,3821872	647,2847	3,302572	0	3	769	524						Augenblicke.jpg	0	1200	1024	40	0	714	517	1315	0	Content		729	524	4565950	5656849435	
4586	15:00:19.023	00:00:04.585	229	759,7732	496,4243	0,7217059	0,3955095	653,1765	3,287245	0	767,0886	523,9514	0,4485556	0,3821805	647,2847	3,370433	0	3	763	510						Augenblicke.jpg	0	1200	1024	40	0	714	517	1315	0	Content		723	510	4585755	5656869240	
4606	15:00:19.043	00:00:04.605	230	754,6603	519,8865	0,7216604	0,3956119	653,1765	3,295187	0	764,828	551,6447	0,4484473	0,3822408	647,2847	3,320562	0	3	760	536						Augenblicke.jpg	0	1200	1024	40	0	714	517	1315	0	Content		720	536	4605771	5656889256	
4626	15:00:19.063	00:00:04.625	231	771,1095	494,9138	0,7210916	0,3955735	653,1765	3,274298	0	778,2133	523,3627	0,4479446	0,382275	647,2847	3,372037	0	3	775	509						Augenblicke.jpg	0	1200	1024	40	0	714	517	1315	0	Content		735	509	4625678	5656909163	
4646	15:00:19.083	00:00:04.645	232	780,9222	489,0742	0,7207732	0,395608	653,1765	3,273908	0	784,1375	522,6225	0,4476737	0,3825211	647,2847	3,355765	0	3	783	506						Augenblicke.jpg	0	1200	1024	40	0	714	517	1315	0	Content		743	506	4645696	5656929181	
4666	15:00:19.103	00:00:04.665	233	783,0446	495,1315	0,720315	0,3956662	653,0816	3,273058	0	788,0162	528,7692	0,4471549	0,3829607	647,5406	3,343752	0	3	786	512						Augenblicke.jpg	0	1200	1024	40	0	714	517	1315	0	Content		746	512	4665542	5656949027	
4686	15:00:19.123	00:00:04.685	234	785,9659	515,7478	0,7199591	0,3956369	653,0816	3,28387	0	763,7147	503,2501	0,4465836	0,3830487	647,5406	3,326709	0	3	775	509						Augenblicke.jpg	0	1200	1024	40	0	714	517	1315	0	Content		735	509	4685511	5656968996	
4705	15:00:19.142	00:00:04.705	235	785,358	479,4102	0,7196265	0,395554	653,0816	3,333606	0	791,412	499,8204	0,4464038	0,383116	647,5406	3,271935	0	3	788	490						Augenblicke.jpg	0	1200	1024	40	0	714	517	1315	0	Content		748	490	4705394	5656988879	
4725	15:00:19.162	00:00:04.725	236	762,0115	476,3785	0,719509	0,3954166	653,0816	3,313707	0	791,0302	482,7767	0,4461721	0,3830846	647,5406	3,247966	0	3	777	480						Augenblicke.jpg	0	1200	1024	40	0	714	517	1315	0	Content		737	480	4725416	5657008901	
4745	15:00:19.182	00:00:04.745	237	766,739	476,0609	0,7195051	0,3953782	653,0816	3,249953	0	783,484	491,424	0,4460948	0,3830743	647,5406	3,33275	0	3	775	484						Augenblicke.jpg	0	1200	1024	40	0	714	517	1315	0	Content		735	484	4745264	5657028749	
4765	15:00:19.202	00:00:04.765	238	762,7025	475,4667	0,7195682	0,3953716	653,3973	3,268545	0	779,6426	487,4162	0,446144	0,3831517	645,7299	3,290964	0	3	771	481						Augenblicke.jpg	0	1200	1024	40	0	714	517	1315	0	Content		731	481	4765292	5657048777	
4785	15:00:19.222	00:00:04.785	239	778,9406	474,8087	0,7195215	0,3954546	653,3973	3,287514	0	773,338	513,2798	0,4460552	0,383126	645,7299	3,276055	0	3	776	494						Augenblicke.jpg	0	1200	1024	40	0	714	517	1315	0	Content		736	494	4785100	5657068585	
4805	15:00:19.242	00:00:04.805	240	764,4283	480,8119	0,7194654	0,3954913	653,3973	3,230894	0	787,803	516,8359	0,4458926	0,3831649	645,7299	3,307022	0	3	776	499						Augenblicke.jpg	0	1200	1024	40	0	714	517	1315	0	Content		736	499	4805106	5657088591	
4825	15:00:19.262	00:00:04.825	241	770,882	491,8377	0,7193868	0,3955431	653,3973	3,293902	0	780,1809	516,8627	0,4457912	0,3832008	645,7299	3,278759	0	3	776	504						Augenblicke.jpg	0	1200	1024	40	0	714	517	1315	0	Content		736	504	4825021	5657108506	
4845	15:00:19.282	00:00:04.844	242	793,1501	524,6511	0,7192321	0,3956484	653,3973	3,297035	0	786,8336	550,8189	0,4456879	0,3833205	645,7299	3,290207	0	3	790	538						Augenblicke.jpg	0	1200	1024	40	0	714	517	1315	0	Content		750	538	4844852	5657128337	
4865	15:00:19.302	00:00:04.864	243	787,98	534,9883	0,7190603	0,395818	653,5109	3,300722	0	785,658	553,0443	0,4455293	0,3838097	647,1322	3,306722	0	3	787	544						Augenblicke.jpg	0	1200	1024	40	0	714	517	1315	0	Content		747	544	4864903	5657148388	
4885	15:00:19.322	00:00:04.884	244	778,2968	495,4595	0,71887	0,3959823	653,5109	3,265699	0	785,9241	525,0336	0,4452667	0,3840378	647,1322	3,253636	0	3	782	510						Augenblicke.jpg	0	1200	1024	40	0	714	517	1315	0	Content		742	510	4884838	5657168323	
4905	15:00:19.342	00:00:04.904	245	761,3947	489,5093	0,718724	0,3962816	653,5109	3,28596	0	775,4103	521,312	0,4450909	0,3841527	647,1322	3,289106	0	3	768	505						Augenblicke.jpg	0	1200	1024	40	0	714	517	1315	0	Content		728	505	4904740	5657188225	
4925	15:00:19.362	00:00:04.924	246	767,962	502,0457	0,7186628	0,3963575	653,5109	3,282465	0	789,738	504,8701	0,445044	0,3841746	647,1322	3,291283	0	3	779	503						Augenblicke.jpg	0	1200	1024	40	0	714	517	1315	0	Content		739	503	4924665	5657208150	
4945	15:00:19.382	00:00:04.944	247	788,9391	455,5547	0,7186497	0,3962515	653,5109	3,318244	0	789,939	519,9927	0,4450353	0,3841487	647,1322	3,317194	0	3	789	488						Augenblicke.jpg	0	1200	1024	40	0	714	517	1315	0	Content		749	488	4944579	5657228064	
4965	15:00:19.402	00:00:04.964	248	786,3672	456,2451	0,7186933	0,3961355	651,5131	3,318015	0	789,3802	512,8218	0,4450801	0,3840663	647,9134	3,331161	0	3	788	485						Augenblicke.jpg	0	1200	1024	40	0	714	517	1315	0	Content		748	485	4964650	5657248135	
4985	15:00:19.422	00:00:04.984	249	768,1052	511,7458	0,7187766	0,3958807	651,5131	3,314619	0	779,2016	484,5419	0,4451469	0,3839594	647,9134	3,298483	0	3	774	498						Augenblicke.jpg	0	1200	1024	40	0	714	517	1315	0	Content		734	498	4984504	5657267989	
5004	15:00:19.441	00:00:05.004	250	787,68	503,5434	0,7188744	0,3957838	651,5131	3,264801	0	769,5088	488,8666	0,4452495	0,3838184	647,9134	3,340842	0		779	496						Augenblicke.jpg	0	1200	1024	40	0				0	Content		739	496	5004385	5657287870	
5024	15:00:19.461	00:00:05.024	251	786,5875	503,3986	0,7189126	0,3957715	651,5131	3,219112	0	780,4328	523,0168	0,4453038	0,3837686	647,9134	3,296445	0		784	513						Augenblicke.jpg	0	1200	1024	40	0				0	Content		744	513	5024402	5657307887	
5060	15:00:19.497																				LeftMouseClick	1	776	750																		
5060	15:00:19.497																				ImageEnd	16	0	0	Augenblicke.jpg																	
